"","hsi_price...1.","hsi_emd_res"
"1",2006-01-09,15595.8293974607
"2",2006-01-10,15585.327383764
"3",2006-01-11,15574.5181947704
"4",2006-01-12,15563.4509182716
"5",2006-01-13,15552.1934000042
"6",2006-01-16,15518.4352351347
"7",2006-01-17,15507.6313928723
"8",2006-01-18,15497.276193788
"9",2006-01-19,15487.5041599804
"10",2006-01-20,15478.449813548
"11",2006-01-23,15456.9381194883
"12",2006-01-24,15452.0997435428
"13",2006-01-25,15448.6516654656
"14",2006-01-26,15446.7284073551
"15",2006-01-27,15446.46449131
"16",2006-02-01,15469.3861806862
"17",2006-02-02,15478.0032869476
"18",2006-02-03,15487.6785351336
"19",2006-02-06,15521.826927506
"20",2006-02-07,15534.5085396576
"21",2006-02-08,15547.6351918673
"22",2006-02-09,15561.0842637621
"23",2006-02-10,15574.7331349687
"24",2006-02-13,15615.4615101682
"25",2006-02-14,15628.4325194782
"26",2006-02-15,15640.8845178618
"27",2006-02-16,15652.7163969461
"28",2006-02-17,15663.8270483583
"29",2006-02-20,15691.8205528331
"30",2006-02-21,15699.0352098279
"31",2006-02-22,15705.0230972862
"32",2006-02-23,15709.6831068351
"33",2006-02-24,15712.9141301017
"34",2006-02-27,15713.022198479
"35",2006-02-28,15709.5261928877
"36",2006-03-01,15704.1626162874
"37",2006-03-02,15697.1866325077
"38",2006-03-03,15689.0063085737
"39",2006-03-06,15661.5348312416
"40",2006-03-07,15652.832682086
"41",2006-03-08,15645.073960474
"42",2006-03-09,15638.688219945
"43",2006-03-10,15634.1050140387
"44",2006-03-13,15633.4061988287
"45",2006-03-14,15637.5057852149
"46",2006-03-15,15643.7246155906
"47",2006-03-16,15652.0344789127
"48",2006-03-17,15662.407164138
"49",2006-03-20,15705.620040801
"50",2006-03-21,15723.9321322471
"51",2006-03-22,15743.98736462
"52",2006-03-23,15765.5789011158
"53",2006-03-24,15788.4999049307
"54",2006-03-27,15863.171352253
"55",2006-03-28,15889.3483904785
"56",2006-03-29,15915.9254528552
"57",2006-03-30,15943.0626107132
"58",2006-03-31,15970.9854772036
"59",2006-04-03,16061.7244599797
"60",2006-04-04,16095.0462925103
"61",2006-04-06,16167.6568938856
"62",2006-04-07,16207.3968890325
"63",2006-04-10,16340.3615378194
"64",2006-04-11,16388.1052458941
"65",2006-04-12,16436.8782892523
"66",2006-04-13,16486.2435314192
"67",2006-04-18,16726.6529477597
"68",2006-04-19,16770.3915168044
"69",2006-04-20,16811.6861785765
"70",2006-04-21,16850.2190428185
"71",2006-04-24,16946.9863189401
"72",2006-04-25,16972.4583818603
"73",2006-04-26,16994.2734585561
"74",2006-04-27,17012.2592719115
"75",2006-04-28,17026.2435448102
"76",2006-05-02,17038.7196895156
"77",2006-05-03,17030.1121033888
"78",2006-05-04,17016.4693141083
"79",2006-05-08,16908.1005831272
"80",2006-05-09,16866.7646937251
"81",2006-05-10,16819.7675278238
"82",2006-05-11,16767.4178303515
"83",2006-05-12,16710.2911230996
"84",2006-05-15,16518.7486271418
"85",2006-05-16,16451.1143079917
"86",2006-05-17,16383.0535640444
"87",2006-05-18,16315.4465865708
"88",2006-05-19,16249.1735668419
"89",2006-05-22,16067.1601668329
"90",2006-05-23,16015.0248907923
"91",2006-05-24,15968.4132337023
"92",2006-05-25,15927.128439079
"93",2006-05-26,15890.6805672433
"94",2006-05-29,15805.5705225267
"95",2006-05-30,15783.7994688596
"96",2006-06-01,15747.5148678698
"97",2006-06-02,15732.0747014224
"98",2006-06-05,15691.2992388005
"99",2006-06-06,15679.0002096152
"100",2006-06-07,15667.1181619172
"101",2006-06-08,15655.5154470924
"102",2006-06-09,15644.0544165266
"103",2006-06-12,15609.1449442412
"104",2006-06-13,15597.1085169039
"105",2006-06-14,15585.9708362292
"106",2006-06-15,15577.1963249459
"107",2006-06-16,15572.28859725
"108",2006-06-19,15593.6287959111
"109",2006-06-20,15615.9032668808
"110",2006-06-21,15645.5748459448
"111",2006-06-22,15681.6083753161
"112",2006-06-23,15722.9686972074
"113",2006-06-26,15869.7137089129
"114",2006-06-27,15923.4438233123
"115",2006-06-28,15978.0694338004
"116",2006-06-29,16032.5766096897
"117",2006-06-30,16085.9464154053
"118",2006-07-03,16229.0422557619
"119",2006-07-04,16267.6732250346
"120",2006-07-05,16300.0721462594
"121",2006-07-06,16325.2200838616
"122",2006-07-07,16342.2489130248
"123",2006-07-10,16349.8317027994
"124",2006-07-11,16342.5842754947
"125",2006-07-12,16332.9468207223
"126",2006-07-13,16322.4178291705
"127",2006-07-14,16312.4957915274
"128",2006-07-17,16301.3563089334
"129",2006-07-18,16308.6754946378
"130",2006-07-19,16322.9197963043
"131",2006-07-20,16343.8322277641
"132",2006-07-21,16371.0105064813
"133",2006-07-24,16486.1176008181
"134",2006-07-25,16534.3364432057
"135",2006-07-26,16586.8097201712
"136",2006-07-27,16643.1351491785
"137",2006-07-28,16702.8448122186
"138",2006-07-31,16893.2597369894
"139",2006-08-01,16956.7670771003
"140",2006-08-02,17018.1491292735
"141",2006-08-03,17075.9833359876
"142",2006-08-04,17128.8471397211
"143",2006-08-07,17245.6418941254
"144",2006-08-08,17267.7835316516
"145",2006-08-09,17281.6423046217
"146",2006-08-10,17288.0950906784
"147",2006-08-11,17288.0187674643
"148",2006-08-14,17257.3839186239
"149",2006-08-15,17239.9599347532
"150",2006-08-16,17220.4325547865
"151",2006-08-17,17199.8988121589
"152",2006-08-18,17179.4586978245
"153",2006-08-21,17125.7657232423
"154",2006-08-22,17112.5807379822
"155",2006-08-23,17102.8371975859
"156",2006-08-24,17097.1861670915
"157",2006-08-25,17096.1667513919
"158",2006-08-28,17118.5305177746
"159",2006-08-29,17132.3968998148
"160",2006-08-30,17148.3856195608
"161",2006-08-31,17165.8465416624
"162",2006-09-01,17184.1295307694
"163",2006-09-04,17237.4095466202
"164",2006-09-05,17252.6235642334
"165",2006-09-06,17266.2736560238
"166",2006-09-07,17278.5743705641
"167",2006-09-08,17289.7402564272
"168",2006-09-11,17318.5744276811
"169",2006-09-12,17327.3464845632
"170",2006-09-13,17336.056455632
"171",2006-09-14,17344.9180579444
"172",2006-09-15,17354.1416824932
"173",2006-09-18,17385.4402449641
"174",2006-09-19,17397.330462249
"175",2006-09-20,17410.0615752769
"176",2006-09-21,17423.7009125553
"177",2006-09-22,17438.3158025917
"178",2006-09-25,17488.6870743229
"179",2006-09-26,17507.8774604655
"180",2006-09-27,17528.3800419033
"181",2006-09-28,17550.2523861795
"182",2006-09-29,17573.4662973833
"183",2006-10-03,17673.6315019325
"184",2006-10-04,17698.624855561
"185",2006-10-05,17722.8417564069
"186",2006-10-06,17745.9035675809
"187",2006-10-09,17807.9324054598
"188",2006-10-10,17827.466434143
"189",2006-10-11,17847.1169098473
"190",2006-10-12,17867.2963759686
"191",2006-10-13,17888.4173759023
"192",2006-10-16,17960.0935288915
"193",2006-10-17,17987.0923462095
"194",2006-10-18,18015.7304501038
"195",2006-10-19,18046.0297421847
"196",2006-10-20,18078.0121240623
"197",2006-10-23,18184.521405004
"198",2006-10-24,18223.7804604734
"199",2006-10-25,18264.9903138164
"200",2006-10-26,18308.1556280824
"201",2006-10-27,18353.2196344772
"202",2006-10-31,18547.1003246019
"203",2006-11-01,18597.0154979226
"204",2006-11-02,18646.7060247664
"205",2006-11-03,18695.7705817372
"206",2006-11-06,18835.1951994487
"207",2006-11-07,18877.7426429647
"208",2006-11-08,18917.6574996262
"209",2006-11-09,18954.5384460371
"210",2006-11-10,18987.984158801
"211",2006-11-13,19063.6966612483
"212",2006-11-14,19079.4692804079
"213",2006-11-15,19090.3013833546
"214",2006-11-16,19096.3842932989
"215",2006-11-17,19098.0545395436
"216",2006-11-20,19080.4143713879
"217",2006-11-21,19068.2654949559
"218",2006-11-22,19053.622949292
"219",2006-11-23,19036.8711789713
"220",2006-11-24,19018.3946285686
"221",2006-11-27,18956.4607426181
"222",2006-11-28,18934.929517637
"223",2006-11-29,18913.5957354486
"224",2006-11-30,18892.8438406279
"225",2006-12-01,18873.0582777499
"226",2006-12-04,18823.4607449867
"227",2006-12-05,18811.5530614507
"228",2006-12-06,18802.6927852698
"229",2006-12-07,18797.3772996562
"230",2006-12-08,18796.1392861326
"231",2006-12-11,18822.5351214595
"232",2006-12-12,18843.3203936326
"233",2006-12-13,18870.8468159535
"234",2006-12-14,18904.9780911403
"235",2006-12-15,18945.4032025521
"236",2006-12-18,19098.5275362961
"237",2006-12-19,19157.9593422991
"238",2006-12-20,19220.4079313698
"239",2006-12-21,19285.1173109436
"240",2006-12-22,19351.3270294848
"241",2006-12-27,19678.2649029499
"242",2006-12-28,19737.5071730445
"243",2006-12-29,19792.9266213563
"244",2007-01-02,19967.8081074502
"245",2007-01-03,19999.1425219834
"246",2007-01-04,20025.8358304606
"247",2007-01-05,20048.3587661095
"248",2007-01-08,20095.5554504736
"249",2007-01-09,20106.0470091964
"250",2007-01-10,20114.6932522845
"251",2007-01-11,20121.9591911764
"252",2007-01-12,20128.2827915411
"253",2007-01-15,20144.9767950957
"254",2007-01-16,20150.9236615102
"255",2007-01-17,20157.635666648
"256",2007-01-18,20165.4572341742
"257",2007-01-19,20174.7327877538
"258",2007-01-22,20214.7276014647
"259",2007-01-23,20233.2633359093
"260",2007-01-24,20254.9751747328
"261",2007-01-25,20280.2075416005
"262",2007-01-26,20309.1436255426
"263",2007-01-29,20411.960725974
"264",2007-01-30,20448.8316229238
"265",2007-01-31,20485.6557847642
"266",2007-02-01,20521.6474747299
"267",2007-02-02,20556.0209560557
"268",2007-02-05,20641.5747805415
"269",2007-02-06,20661.6180596555
"270",2007-02-07,20676.172433866
"271",2007-02-08,20684.8261367983
"272",2007-02-09,20687.5646724696
"273",2007-02-12,20661.1233524411
"274",2007-02-13,20641.0416006174
"275",2007-02-14,20615.4680248199
"276",2007-02-15,20584.4879242087
"277",2007-02-16,20548.1865979438
"278",2007-02-21,20289.4416308702
"279",2007-02-22,20222.8348992408
"280",2007-02-23,20152.1529192347
"281",2007-02-26,19924.4440311086
"282",2007-02-27,19846.2711318968
"283",2007-02-28,19768.4387875332
"284",2007-03-01,19691.8323118776
"285",2007-03-02,19617.3370187899
"286",2007-03-05,19415.3713735326
"287",2007-03-06,19358.173949315
"288",2007-03-07,19307.5142769646
"289",2007-03-08,19264.2282257281
"290",2007-03-09,19228.8770537163
"291",2007-03-12,19170.1019840738
"292",2007-03-13,19165.2397880257
"293",2007-03-14,19167.1890424143
"294",2007-03-15,19175.6177693519
"295",2007-03-16,19190.1939909505
"296",2007-03-19,19267.487844835
"297",2007-03-20,19303.3342662
"298",2007-03-21,19343.6682927871
"299",2007-03-22,19388.1579467085
"300",2007-03-23,19436.4723608244
"301",2007-03-26,19600.2524639553
"302",2007-03-27,19659.4409207383
"303",2007-03-28,19720.0411140962
"304",2007-03-29,19781.3979203976
"305",2007-03-30,19842.8281162717
"306",2007-04-02,20021.4984467941
"307",2007-04-03,20077.4473987097
"308",2007-04-04,20130.7395248308
"309",2007-04-10,20381.1678995397
"310",2007-04-11,20410.4273272678
"311",2007-04-12,20435.8772766887
"312",2007-04-13,20457.4261900147
"313",2007-04-16,20500.3485467029
"314",2007-04-17,20508.9091506796
"315",2007-04-18,20515.256754157
"316",2007-04-19,20519.7341320612
"317",2007-04-20,20522.6890882221
"318",2007-04-23,20525.8974645464
"319",2007-04-24,20526.2407720352
"320",2007-04-25,20526.7993953008
"321",2007-04-26,20527.9079850754
"322",2007-04-27,20529.8874016166
"323",2007-04-30,20544.8284863566
"324",2007-05-02,20566.1562722762
"325",2007-05-03,20581.3896941126
"326",2007-05-04,20600.2131485633
"327",2007-05-07,20677.4688949949
"328",2007-05-08,20707.6540741338
"329",2007-05-09,20738.5858414104
"330",2007-05-10,20769.3235742349
"331",2007-05-11,20798.9701673341
"332",2007-05-14,20873.4324515462
"333",2007-05-15,20890.5470244122
"334",2007-05-16,20902.352132626
"335",2007-05-17,20907.9739539577
"336",2007-05-18,20906.5386661776
"337",2007-05-21,20859.5924057249
"338",2007-05-22,20832.7570427071
"339",2007-05-23,20801.9981081902
"340",2007-05-25,20732.716884502
"341",2007-05-28,20625.2256026045
"342",2007-05-29,20593.1174232951
"343",2007-05-30,20565.0699893984
"344",2007-05-31,20542.5156841549
"345",2007-06-01,20526.8255061216
"346",2007-06-04,20531.9487947807
"347",2007-06-05,20554.2755284205
"348",2007-06-06,20586.892825862
"349",2007-06-07,20628.9094384546
"350",2007-06-08,20679.4341175477
"351",2007-06-11,20870.8822584415
"352",2007-06-12,20943.4619732842
"353",2007-06-13,21018.3520598016
"354",2007-06-14,21094.6693401004
"355",2007-06-15,21171.5910487232
"356",2007-06-18,21397.7550899583
"357",2007-06-20,21536.469225678
"358",2007-06-21,21599.7394296339
"359",2007-06-22,21658.0001960545
"360",2007-06-25,21807.4607248753
"361",2007-06-26,21852.5999915839
"362",2007-06-27,21897.369840257
"363",2007-06-28,21942.9510798015
"364",2007-06-29,21990.5623497143
"365",2007-07-03,22211.3529802714
"366",2007-07-04,22273.1490962553
"367",2007-07-05,22337.1204825898
"368",2007-07-06,22403.0608585438
"369",2007-07-09,22610.6331168138
"370",2007-07-10,22682.194283433
"371",2007-07-11,22753.5388729961
"372",2007-07-12,22823.2846244196
"373",2007-07-13,22889.9620072927
"374",2007-07-16,23063.1288815596
"375",2007-07-17,23111.2972292791
"376",2007-07-18,23153.646263152
"377",2007-07-19,23189.0848192679
"378",2007-07-20,23216.5217337166
"379",2007-07-23,23239.9109879559
"380",2007-07-24,23224.6241974602
"381",2007-07-25,23197.0469507122
"382",2007-07-26,23157.2550887681
"383",2007-07-27,23105.3244526841
"384",2007-07-30,22877.4583101548
"385",2007-07-31,22778.1104045734
"386",2007-08-01,22669.4177090165
"387",2007-08-02,22554.423962954
"388",2007-08-03,22436.3111857382
"389",2007-08-06,22090.2893421737
"390",2007-08-07,21984.8463716505
"391",2007-08-08,21887.2720292489
"392",2007-08-09,21799.0189091816
"393",2007-08-10,21721.5396056613
"394",2007-08-13,21568.27053651
"395",2007-08-14,21548.4124413051
"396",2007-08-15,21546.591133711
"397",2007-08-16,21564.2592079402
"398",2007-08-17,21602.520606462
"399",2007-08-20,21831.0368400855
"400",2007-08-21,21939.0994150829
"401",2007-08-22,22059.9948020513
"402",2007-08-23,22191.8555390364
"403",2007-08-24,22332.814164084
"404",2007-08-27,22791.6027480592
"405",2007-08-28,22950.2783058143
"406",2007-08-29,23108.7589134649
"407",2007-08-30,23265.6155276996
"408",2007-08-31,23420.3247830987
"409",2007-09-03,23868.3617556464
"410",2007-09-04,24011.2688626733
"411",2007-09-05,24150.4192181528
"412",2007-09-06,24285.4903363031
"413",2007-09-07,24416.1597313426
"414",2007-09-10,24778.5327199789
"415",2007-09-11,24888.3703647579
"416",2007-09-12,24992.1938575174
"417",2007-09-13,25089.6931387181
"418",2007-09-14,25180.6780784182
"419",2007-09-17,25420.2368573562
"420",2007-09-18,25492.6160603432
"421",2007-09-19,25563.1686052578
"422",2007-09-20,25633.0406142544
"423",2007-09-21,25703.3782094871
"424",2007-09-24,25928.6457341456
"425",2007-09-25,26012.3068958661
"426",2007-09-27,26198.6069916572
"427",2007-09-28,26302.3223990569
"428",2007-10-02,26783.3734292934
"429",2007-10-03,26918.7724471852
"430",2007-10-04,27059.6745835934
"431",2007-10-05,27205.8041457096
"432",2007-10-08,27672.8004582221
"433",2007-10-09,27837.0827950864
"434",2007-10-10,28005.2140936167
"435",2007-10-11,28176.8504126006
"436",2007-10-12,28351.3748172086
"437",2007-10-15,28885.424712442
"438",2007-10-16,29064.6945328077
"439",2007-10-17,29243.6959562099
"440",2007-10-18,29421.9225238897
"441",2007-10-22,30089.2261861031
"442",2007-10-23,30230.9878243185
"443",2007-10-24,30357.1360449102
"444",2007-10-25,30464.8769945341
"445",2007-10-26,30551.4168198457
"446",2007-10-29,30655.8910164653
"447",2007-10-30,30629.7911204853
"448",2007-10-31,30569.7740998117
"449",2007-11-01,30477.1296491924
"450",2007-11-02,30354.9674412476
"451",2007-11-05,29845.4374194859
"452",2007-11-06,29639.2673282648
"453",2007-11-07,29420.6110527309
"454",2007-11-08,29193.0479929788
"455",2007-11-09,28960.9812165182
"456",2007-11-12,28289.2984366054
"457",2007-11-13,28091.1681409763
"458",2007-11-14,27915.0789867417
"459",2007-11-15,27765.2528366843
"460",2007-11-16,27644.5628498499
"461",2007-11-19,27443.4536925692
"462",2007-11-20,27423.5163749398
"463",2007-11-21,27423.8513249041
"464",2007-11-22,27442.4921825792
"465",2007-11-23,27477.2703357591
"466",2007-11-26,27652.7320091128
"467",2007-11-27,27727.7688971375
"468",2007-11-28,27807.5914439345
"469",2007-11-29,27890.106145695
"470",2007-11-30,27973.2194986101
"471",2007-12-03,28205.2164261964
"472",2007-12-04,28269.789345643
"473",2007-12-05,28324.4933972005
"474",2007-12-06,28367.2350770603
"475",2007-12-07,28396.5882096049
"476",2007-12-10,28415.2659194183
"477",2007-12-11,28401.8116750939
"478",2007-12-12,28380.1640258076
"479",2007-12-13,28351.3109728609
"480",2007-12-14,28316.2405175553
"481",2007-12-17,28183.6047504998
"482",2007-12-18,28133.5446987734
"483",2007-12-19,28082.2072511957
"484",2007-12-20,28030.2800794123
"485",2007-12-21,27977.3059173681
"486",2007-12-24,27807.0062930961
"487",2007-12-27,27609.6514484182
"488",2007-12-28,27535.6343371694
"489",2007-12-31,27282.2268388898
"490",2008-01-02,27082.4014585463
"491",2008-01-03,26971.8785061997
"492",2008-01-04,26854.0900607229
"493",2008-01-07,26461.1476716874
"494",2008-01-08,26319.7195606265
"495",2008-01-09,26174.5106303223
"496",2008-01-10,26026.3865836432
"497",2008-01-11,25876.2131234581
"498",2008-01-14,25422.0532905526
"499",2008-01-15,25272.3392050296
"500",2008-01-16,25124.9042203438
"501",2008-01-17,24980.6140393638
"502",2008-01-18,24840.3343649582
"503",2008-01-21,24452.215409875
"504",2008-01-22,24336.6681515315
"505",2008-01-23,24229.5573870754
"506",2008-01-24,24131.4355183616
"507",2008-01-25,24042.7522537492
"508",2008-01-28,23837.8311681096
"509",2008-01-29,23791.3994034922
"510",2008-01-30,23756.6547847712
"511",2008-01-31,23734.0470203054
"512",2008-02-01,23723.7451860007
"513",2008-02-04,23754.3011242417
"514",2008-02-05,23779.651653668
"515",2008-02-06,23809.8920286378
"516",2008-02-11,23977.8935679225
"517",2008-02-12,24003.5442049232
"518",2008-02-13,24022.831710631
"519",2008-02-14,24034.4908631162
"520",2008-02-15,24037.7773126946
"521",2008-02-18,23999.2117406415
"522",2008-02-19,23971.2087562163
"523",2008-02-20,23936.1287981818
"524",2008-02-21,23894.2700204945
"525",2008-02-22,23845.9305771111
"526",2008-02-25,23665.0097923502
"527",2008-02-26,23593.7292257484
"528",2008-02-27,23517.5090755395
"529",2008-02-28,23436.8990572104
"530",2008-02-29,23352.4991985541
"531",2008-03-03,23083.1075325998
"532",2008-03-04,22990.3019055932
"533",2008-03-05,22897.2109489221
"534",2008-03-06,22804.5418609823
"535",2008-03-07,22712.9927835452
"536",2008-03-10,22453.7409143249
"537",2008-03-11,22375.6650629482
"538",2008-03-12,22303.3783184333
"539",2008-03-13,22237.8517133883
"540",2008-03-14,22180.0562804211
"541",2008-03-17,22062.767340067
"542",2008-03-18,22045.6069214916
"543",2008-03-19,22041.0328380343
"544",2008-03-20,22049.7169261245
"545",2008-03-25,22267.6528262575
"546",2008-03-26,22340.3740869785
"547",2008-03-27,22420.8837041838
"548",2008-03-28,22508.3575334102
"549",2008-03-31,22804.3228485844
"550",2008-04-01,22911.4120812638
"551",2008-04-02,23021.3448036487
"552",2008-04-03,23133.2968712759
"553",2008-04-07,23591.2715593181
"554",2008-04-08,23707.1026237528
"555",2008-04-09,23822.9815564502
"556",2008-04-10,23938.5647451096
"557",2008-04-11,24053.220928441
"558",2008-04-14,24384.5957110946
"559",2008-04-15,24488.5121377416
"560",2008-04-16,24588.0415588218
"561",2008-04-17,24682.7601380349
"562",2008-04-18,24772.3811378032
"563",2008-04-21,25011.3654607887
"564",2008-04-22,25081.4654056781
"565",2008-04-23,25146.9836338483
"566",2008-04-24,25208.0395640995
"567",2008-04-25,25264.7526152319
"568",2008-04-28,25410.0286819184
"569",2008-04-29,25450.5644045778
"570",2008-04-30,25487.2534047943
"571",2008-05-02,25548.0742592759
"572",2008-05-05,25607.2605426445
"573",2008-05-06,25618.3742402801
"574",2008-05-07,25625.1513517584
"575",2008-05-08,25627.574444431
"576",2008-05-09,25625.6260856499
"577",2008-05-13,25573.769483023
"578",2008-05-14,25549.7023772495
"579",2008-05-15,25521.1592241328
"580",2008-05-16,25488.1225910248
"581",2008-05-19,25361.8774852701
"582",2008-05-20,25310.6926057143
"583",2008-05-21,25254.9270829259
"584",2008-05-22,25194.5634842568
"585",2008-05-23,25129.5843770587
"586",2008-05-26,24908.3873076109
"587",2008-05-27,24826.9748880626
"588",2008-05-28,24742.2888010131
"589",2008-05-29,24654.6665519468
"590",2008-05-30,24564.4363946099
"591",2008-06-02,24281.3578810918
"592",2008-06-03,24183.9361770906
"593",2008-06-04,24085.4203386883
"594",2008-06-05,23986.0516634921
"595",2008-06-06,23886.2207034204
"596",2008-06-10,23492.8803662596
"597",2008-06-11,23398.7530116607
"598",2008-06-12,23307.3934905022
"599",2008-06-13,23219.3441735662
"600",2008-06-16,22975.0262975005
"601",2008-06-17,22898.2275944988
"602",2008-06-18,22822.9697799986
"603",2008-06-19,22748.9506274253
"604",2008-06-20,22675.8994318545
"605",2008-06-23,22459.1310798562
"606",2008-06-24,22386.0204669968
"607",2008-06-25,22312.6533325508
"608",2008-06-26,22239.6907133822
"609",2008-06-27,22167.7936463554
"610",2008-06-30,21965.1061267682
"611",2008-07-02,21847.4278835971
"612",2008-07-03,21795.8059035705
"613",2008-07-04,21750.1046082312
"614",2008-07-07,21662.2543802078
"615",2008-07-08,21652.5003663511
"616",2008-07-09,21653.9707671733
"617",2008-07-10,21667.5414128364
"618",2008-07-11,21693.7528401423
"619",2008-07-14,21835.6654735479
"620",2008-07-15,21898.0109547284
"621",2008-07-16,21964.9284041325
"622",2008-07-17,22035.2500905622
"623",2008-07-18,22108.1150627241
"624",2008-07-21,22333.7557238923
"625",2008-07-22,22406.2948179308
"626",2008-07-23,22474.8539006945
"627",2008-07-24,22537.8473033236
"628",2008-07-25,22593.6893569586
"629",2008-07-28,22702.4507353024
"630",2008-07-29,22713.8307043644
"631",2008-07-30,22710.2594794741
"632",2008-07-31,22690.8747399157
"633",2008-08-01,22655.4644024985
"634",2008-08-04,22460.4941115526
"635",2008-08-05,22368.7923559735
"636",2008-08-07,22150.4839386611
"637",2008-08-08,22025.8417612174
"638",2008-08-11,21618.1876224987
"639",2008-08-12,21481.7603666524
"640",2008-08-13,21350.3123009528
"641",2008-08-14,21226.8149934506
"642",2008-08-15,21113.8948162211
"643",2008-08-18,20863.3503044143
"644",2008-08-19,20817.4606820593
"645",2008-08-20,20794.2831589063
"646",2008-08-21,20794.4471147729
"647",2008-08-25,20944.9328886777
"648",2008-08-26,20992.8136062463
"649",2008-08-27,21033.7851751662
"650",2008-08-28,21062.4551936926
"651",2008-08-29,21074.0931048194
"652",2008-09-01,20975.4830012076
"653",2008-09-02,20890.2141519066
"654",2008-09-03,20775.5778532563
"655",2008-09-04,20633.2135611586
"656",2008-09-05,20468.2370614069
"657",2008-09-08,19909.263042134
"658",2008-09-09,19724.0938484525
"659",2008-09-10,19548.0699962071
"660",2008-09-11,19383.3932490796
"661",2008-09-12,19231.8668155551
"662",2008-09-16,18793.3283871904
"663",2008-09-17,18733.629230737
"664",2008-09-18,18692.0463811282
"665",2008-09-19,18664.4547958151
"666",2008-09-22,18624.1897167496
"667",2008-09-23,18611.1252797189
"668",2008-09-24,18591.3331525336
"669",2008-09-25,18560.6695443037
"670",2008-09-26,18515.0988999518
"671",2008-09-29,18270.6750446239
"672",2008-09-30,18153.9231699433
"673",2008-10-02,17871.5263254738
"674",2008-10-03,17707.6005026409
"675",2008-10-06,17135.2283134849
"676",2008-10-08,16695.0803216128
"677",2008-10-09,16460.1092559604
"678",2008-10-10,16217.0978078101
"679",2008-10-13,15471.4630612365
"680",2008-10-14,15230.0070242637
"681",2008-10-15,14998.486085787
"682",2008-10-16,14780.6222609021
"683",2008-10-17,14579.6880429598
"684",2008-10-20,14093.148084645
"685",2008-10-21,13968.3521352595
"686",2008-10-22,13861.2498460212
"687",2008-10-23,13771.2422020028
"688",2008-10-24,13697.7301882767
"689",2008-10-27,13570.1777795776
"690",2008-10-28,13556.3477311963
"691",2008-10-29,13554.1557991714
"692",2008-10-30,13561.1405292767
"693",2008-10-31,13574.840467286
"694",2008-11-03,13631.6169864768
"695",2008-11-04,13647.5632138408
"696",2008-11-05,13657.9173779782
"697",2008-11-06,13660.474078978
"698",2008-11-07,13654.3852308908
"699",2008-11-10,13592.9813306213
"700",2008-11-11,13561.7124181026
"701",2008-11-12,13526.8321191562
"702",2008-11-13,13489.4138856543
"703",2008-11-14,13450.531169469
"704",2008-11-17,13335.8306435338
"705",2008-11-18,13301.824515336
"706",2008-11-19,13271.7211638153
"707",2008-11-20,13246.5940408439
"708",2008-11-21,13227.5165982938
"709",2008-11-24,13212.5110858001
"710",2008-11-25,13221.7811767888
"711",2008-11-26,13238.1963976992
"712",2008-11-27,13261.7622479383
"713",2008-11-28,13292.4842269134
"714",2008-12-01,13427.6419303242
"715",2008-12-02,13486.8370384298
"716",2008-12-03,13551.8987403674
"717",2008-12-04,13621.3793975986
"718",2008-12-05,13694.4682371262
"719",2008-12-08,13929.0651649661
"720",2008-12-09,14010.268049158
"721",2008-12-10,14091.9197733856
"722",2008-12-11,14173.3884691968
"723",2008-12-12,14254.0422681393
"724",2008-12-15,14484.7955992341
"725",2008-12-16,14555.8711261809
"726",2008-12-17,14622.9724139984
"727",2008-12-18,14685.4675942344
"728",2008-12-19,14742.7505627861
"729",2008-12-22,14878.9557638353
"730",2008-12-23,14911.3231887203
"731",2008-12-24,14936.8368454787
"732",2008-12-29,14958.8693269678
"733",2008-12-30,14941.6228067242
"734",2008-12-31,14916.9766622733
"735",2009-01-02,14845.1735829887
"736",2009-01-05,14680.0618070898
"737",2009-01-06,14609.6143968304
"738",2009-01-07,14532.3360480542
"739",2009-01-08,14449.2369827016
"740",2009-01-09,14361.3274227132
"741",2009-01-12,14078.8379943372
"742",2009-01-13,13981.7886752099
"743",2009-01-14,13884.9799711491
"744",2009-01-15,13789.4221040952
"745",2009-01-16,13696.1252959887
"746",2009-01-19,13439.9034447584
"747",2009-01-20,13365.7530918463
"748",2009-01-21,13298.9149075839
"749",2009-01-22,13240.3991139118
"750",2009-01-23,13191.1711766068
"751",2009-01-29,13080.4739209375
"752",2009-01-30,13086.2682821807
"753",2009-02-02,13130.6855694049
"754",2009-02-03,13152.0816038875
"755",2009-02-04,13175.5622098622
"756",2009-02-05,13200.4010486017
"757",2009-02-06,13225.8717813792
"758",2009-02-09,13298.8119566675
"759",2009-02-10,13319.5763639816
"760",2009-02-11,13337.379853175
"761",2009-02-12,13350.9748682897
"762",2009-02-13,13358.9439454573
"763",2009-02-16,13334.8412219732
"764",2009-02-17,13306.0522200479
"765",2009-02-18,13264.510116523
"766",2009-02-19,13209.2949995692
"767",2009-02-20,13141.5090409619
"768",2009-02-23,12881.9891330334
"769",2009-02-24,12784.304314304
"770",2009-02-25,12684.5679279632
"771",2009-02-26,12584.7370692748
"772",2009-02-27,12486.7015954229
"773",2009-03-02,12220.5272429113
"774",2009-03-03,12146.7573712443
"775",2009-03-04,12083.2870672402
"776",2009-03-05,12031.8095977455
"777",2009-03-06,11994.0182296071
"778",2009-03-09,11979.693401795
"779",2009-03-10,12012.9637526515
"780",2009-03-11,12064.6944097216
"781",2009-03-12,12132.8865104758
"782",2009-03-13,12215.5411923848
"783",2009-03-16,12530.2920997484
"784",2009-03-17,12650.8084809841
"785",2009-03-18,12775.7931307282
"786",2009-03-19,12903.2471864514
"787",2009-03-20,13031.2953538958
"788",2009-03-23,13408.3328862294
"789",2009-03-24,13529.3123665216
"790",2009-03-25,13646.8256131486
"791",2009-03-26,13760.2027950572
"792",2009-03-27,13868.7740811939
"793",2009-03-30,14158.9542544395
"794",2009-03-31,14241.7869650527
"795",2009-04-01,14317.6449491787
"796",2009-04-02,14387.3603641838
"797",2009-04-03,14451.8457834015
"798",2009-04-06,14623.0477996651
"799",2009-04-07,14675.7389690681
"800",2009-04-08,14727.7630093509
"801",2009-04-09,14780.0324938472
"802",2009-04-14,15053.5481463766
"803",2009-04-15,15109.4103141332
"804",2009-04-16,15165.3320865853
"805",2009-04-17,15221.2810241721
"806",2009-04-20,15388.9664321323
"807",2009-04-21,15444.6996346498
"808",2009-04-22,15500.297804498
"809",2009-04-23,15555.7285021161
"810",2009-04-24,15611.0121098819
"811",2009-04-27,15777.9861301766
"812",2009-04-28,15834.5596358523
"813",2009-04-29,15891.6532913595
"814",2009-04-30,15949.1973586805
"815",2009-05-04,16182.4829857458
"816",2009-05-05,16241.2330418686
"817",2009-05-06,16300.0150816984
"818",2009-05-07,16358.7593672174
"819",2009-05-08,16417.3961604079
"820",2009-05-11,16591.96420583
"821",2009-05-12,16649.4736495283
"822",2009-05-13,16706.7024949713
"823",2009-05-14,16764.4589249516
"824",2009-05-15,16823.7267064243
"825",2009-05-18,17018.2783985145
"826",2009-05-19,17090.4727762188
"827",2009-05-20,17167.1796238959
"828",2009-05-21,17248.9032794273
"829",2009-05-22,17336.0599017224
"830",2009-05-25,17626.5123883608
"831",2009-05-26,17730.0464788897
"832",2009-05-27,17834.7967353393
"833",2009-05-29,18041.5133223741
"834",2009-06-01,18320.506799667
"835",2009-06-02,18398.7842703567
"836",2009-06-03,18467.1696632535
"837",2009-06-04,18524.7867345099
"838",2009-06-05,18570.9050813851
"839",2009-06-08,18632.9637483167
"840",2009-06-09,18626.2424192138
"841",2009-06-10,18607.1258457491
"842",2009-06-11,18577.6391189047
"843",2009-06-12,18539.8073296627
"844",2009-06-15,18396.4924973729
"845",2009-06-16,18345.316116156
"846",2009-06-17,18294.5663783621
"847",2009-06-18,18244.6656824739
"848",2009-06-19,18195.9741911218
"849",2009-06-22,18060.7565705854
"850",2009-06-23,18020.5035236811
"851",2009-06-24,17983.2604944646
"852",2009-06-25,17949.3876455664
"853",2009-06-26,17919.2451396166
"854",2009-06-29,17854.8013057624
"855",2009-06-30,17843.1817979104
"856",2009-07-02,17836.8964131377
"857",2009-07-03,17842.9508614778
"858",2009-07-06,17902.2247209677
"859",2009-07-07,17936.8867210554
"860",2009-07-08,17979.5303962445
"861",2009-07-09,18030.1383593419
"862",2009-07-10,18088.4764183976
"863",2009-07-13,18304.3693590898
"864",2009-07-14,18387.7377979641
"865",2009-07-15,18475.6826627329
"866",2009-07-16,18567.5285713398
"867",2009-07-17,18662.6001417285
"868",2009-07-20,18960.4150030218
"869",2009-07-21,19061.6353999741
"870",2009-07-22,19162.7045484263
"871",2009-07-23,19262.9470663222
"872",2009-07-24,19361.6875716054
"873",2009-07-27,19642.1431912151
"874",2009-07-28,19728.2284191967
"875",2009-07-29,19810.092187545
"876",2009-07-30,19887.7881814017
"877",2009-07-31,19961.3879868929
"878",2009-08-03,20158.3261344322
"879",2009-08-04,20216.2570477205
"880",2009-08-05,20270.4497032729
"881",2009-08-06,20320.9756872153
"882",2009-08-07,20367.9065856739
"883",2009-08-10,20488.1602615165
"884",2009-08-11,20521.859212192
"885",2009-08-12,20552.60156989
"886",2009-08-13,20580.5290612057
"887",2009-08-14,20605.7834127342
"888",2009-08-17,20666.9248945478
"889",2009-08-18,20682.9039528788
"890",2009-08-19,20696.9185043983
"891",2009-08-20,20709.1102757015
"892",2009-08-21,20719.6209933833
"893",2009-08-24,20742.4840906528
"894",2009-08-25,20747.687859801
"895",2009-08-26,20751.9192083036
"896",2009-08-27,20755.3198627558
"897",2009-08-28,20758.0315497527
"898",2009-08-31,20763.4500719628
"899",2009-09-01,20764.8175856289
"900",2009-09-02,20766.175249141
"901",2009-09-03,20767.6508777813
"902",2009-09-04,20769.3761879226
"903",2009-09-07,20777.3673710786
"904",2009-09-08,20781.4085709504
"905",2009-09-09,20786.3580341866
"906",2009-09-10,20792.3474771598
"907",2009-09-11,20799.5086162428
"908",2009-09-14,20829.3393738774
"909",2009-09-15,20842.5044611265
"910",2009-09-16,20857.4998263487
"911",2009-09-17,20874.4571859169
"912",2009-09-18,20893.5082562038
"913",2009-09-21,20963.0022357151
"914",2009-09-22,20989.6367793681
"915",2009-09-23,21017.6559183696
"916",2009-09-24,21046.8494447839
"917",2009-09-25,21077.0071506751
"918",2009-09-28,21171.1632658538
"919",2009-09-29,21203.0756102959
"920",2009-09-30,21234.9010945364
"921",2009-10-02,21297.3490361364
"922",2009-10-05,21385.2296692221
"923",2009-10-06,21412.949511013
"924",2009-10-07,21439.941826178
"925",2009-10-08,21466.2422095127
"926",2009-10-09,21491.8862558131
"927",2009-10-12,21565.2363204649
"928",2009-10-13,21588.6109665849
"929",2009-10-14,21611.5072496492
"930",2009-10-15,21633.9607644535
"931",2009-10-16,21656.0071057935
"932",2009-10-19,21720.0590369857
"933",2009-10-20,21740.8326324262
"934",2009-10-21,21761.3819673679
"935",2009-10-22,21781.7624788452
"936",2009-10-23,21802.0151320998
"937",2009-10-27,21882.4694138296
"938",2009-10-28,21902.6244641746
"939",2009-10-29,21922.8683315783
"940",2009-10-30,21943.2371285878
"941",2009-11-02,22005.4542227199
"942",2009-11-03,22026.6580186824
"943",2009-11-04,22048.0122373502
"944",2009-11-05,22069.3979216355
"945",2009-11-06,22090.6961144501
"946",2009-11-09,22152.8761731902
"947",2009-11-10,22172.6348292423
"948",2009-11-11,22191.7112083837
"949",2009-11-12,22209.9863535264
"950",2009-11-13,22227.3413075825
"951",2009-11-16,22272.6954523505
"952",2009-11-17,22285.1896584614
"953",2009-11-18,22296.2356173146
"954",2009-11-19,22305.8179234057
"955",2009-11-20,22313.930376809
"956",2009-11-23,22329.3866216341
"957",2009-11-24,22331.5576650285
"958",2009-11-25,22332.2278561063
"959",2009-11-26,22331.3909949417
"960",2009-11-27,22329.0408816091
"961",2009-11-30,22312.8490293454
"962",2009-12-01,22304.3848382611
"963",2009-12-02,22294.3896234605
"964",2009-12-03,22282.9010011477
"965",2009-12-04,22269.9642345391
"966",2009-12-07,22222.9177011009
"967",2009-12-08,22204.6409894718
"968",2009-12-09,22185.1424496284
"969",2009-12-10,22164.4673447871
"970",2009-12-11,22142.6609381642
"971",2009-12-14,22070.9065397686
"972",2009-12-15,22045.0275581822
"973",2009-12-16,22018.2435908959
"974",2009-12-17,21990.5999011258
"975",2009-12-18,21962.1417520883
"976",2009-12-21,21872.3331815347
"977",2009-12-22,21841.0698275908
"978",2009-12-23,21809.2183304612
"979",2009-12-24,21776.822760427
"980",2009-12-28,21642.573792702
"981",2009-12-29,21608.0354069004
"982",2009-12-30,21573.1827747613
"983",2009-12-31,21538.0540018901
"984",2010-01-04,21395.5396151907
"985",2010-01-05,21359.6029687066
"986",2010-01-06,21323.6254875915
"987",2010-01-07,21287.6487365668
"988",2010-01-08,21251.7134770156
"989",2010-01-11,21144.5642610359
"990",2010-01-12,21109.2025812114
"991",2010-01-13,21074.0861997766
"992",2010-01-14,21039.2558781147
"993",2010-01-15,21004.7523776091
"994",2010-01-18,20903.6104168615
"995",2010-01-19,20870.8218148128
"996",2010-01-20,20838.5638408365
"997",2010-01-21,20806.8772563158
"998",2010-01-22,20775.8028226338
"999",2010-01-25,20686.6600404529
"1000",2010-01-26,20658.4418239583
"1001",2010-01-27,20631.0395652187
"1002",2010-01-28,20604.4940256172
"1003",2010-01-29,20578.8459665372
"1004",2010-02-01,20507.6942862575
"1005",2010-02-02,20486.0437630952
"1006",2010-02-03,20465.4945273705
"1007",2010-02-04,20446.0873404665
"1008",2010-02-05,20427.8629637665
"1009",2010-02-08,20380.6943087226
"1010",2010-02-09,20367.6058079389
"1011",2010-02-10,20355.8860518833
"1012",2010-02-11,20345.5579295473
"1013",2010-02-12,20336.6443299221
"1014",2010-02-17,20314.0952871553
"1015",2010-02-18,20314.149492613
"1016",2010-02-19,20315.7784437208
"1017",2010-02-22,20330.342660858
"1018",2010-02-23,20338.4994844794
"1019",2010-02-24,20348.3454987075
"1020",2010-02-25,20359.9035925337
"1021",2010-02-26,20373.1966549492
"1022",2010-03-01,20423.7145436449
"1023",2010-03-02,20444.176370331
"1024",2010-03-03,20466.487610563
"1025",2010-03-04,20490.6711533323
"1026",2010-03-05,20516.7498876301
"1027",2010-03-08,20606.5861296085
"1028",2010-03-09,20640.4745199339
"1029",2010-03-10,20676.3598415903
"1030",2010-03-11,20714.2014577979
"1031",2010-03-12,20753.9366759483
"1032",2010-03-15,20883.465586303
"1033",2010-03-16,20929.693342323
"1034",2010-03-17,20977.127944262
"1035",2010-03-18,21025.5110693415
"1036",2010-03-19,21074.5843947829
"1037",2010-03-22,21223.3623454938
"1038",2010-03-23,21272.613244598
"1039",2010-03-24,21321.2627301715
"1040",2010-03-25,21369.0703283048
"1041",2010-03-26,21415.861215521
"1042",2010-03-29,21547.9222796593
"1043",2010-03-30,21588.2794996241
"1044",2010-03-31,21626.351651018
"1045",2010-04-01,21661.8666331231
"1046",2010-04-07,21806.0183304737
"1047",2010-04-08,21816.01430745
"1048",2010-04-09,21821.2763093928
"1049",2010-04-12,21805.9374578387
"1050",2010-04-13,21789.5915095732
"1051",2010-04-14,21767.4867969444
"1052",2010-04-15,21739.866484155
"1053",2010-04-16,21707.0623637537
"1054",2010-04-19,21580.9817241817
"1055",2010-04-20,21530.8769406361
"1056",2010-04-21,21477.3056331302
"1057",2010-04-22,21420.6112583944
"1058",2010-04-23,21361.1372731591
"1059",2010-04-26,21169.4722217588
"1060",2010-04-27,21102.3143618284
"1061",2010-04-28,21034.0941750501
"1062",2010-04-29,20965.1551181542
"1063",2010-04-30,20895.8406478711
"1064",2010-05-03,20689.0793240015
"1065",2010-05-04,20621.6527268416
"1066",2010-05-05,20555.2750539027
"1067",2010-05-06,20489.9238200651
"1068",2010-05-07,20425.6250908402
"1069",2010-05-10,20239.4827181728
"1070",2010-05-11,20179.8327947301
"1071",2010-05-12,20121.4547695658
"1072",2010-05-13,20064.3925214133
"1073",2010-05-14,20008.6899290057
"1074",2010-05-17,19850.285661823
"1075",2010-05-18,19800.6068191654
"1076",2010-05-19,19752.6019487977
"1077",2010-05-20,19706.3386601728
"1078",2010-05-24,19540.0535121612
"1079",2010-05-25,19503.7120764005
"1080",2010-05-26,19470.6593258413
"1081",2010-05-27,19441.8748471123
"1082",2010-05-28,19418.280859451
"1083",2010-05-31,19387.8640352466
"1084",2010-06-01,19394.2542042296
"1085",2010-06-02,19410.259822585
"1086",2010-06-03,19435.8204832954
"1087",2010-06-04,19470.4818940845
"1088",2010-06-07,19622.097175059
"1089",2010-06-08,19685.4972074436
"1090",2010-06-09,19753.8694973954
"1091",2010-06-10,19826.3845759921
"1092",2010-06-11,19902.2129743114
"1093",2010-06-14,20139.6540661641
"1094",2010-06-15,20218.1579709513
"1095",2010-06-17,20365.920206688
"1096",2010-06-18,20432.1919168864
"1097",2010-06-21,20582.6496922957
"1098",2010-06-22,20611.7054644518
"1099",2010-06-23,20627.8457354504
"1100",2010-06-24,20630.5833709411
"1101",2010-06-25,20621.1425141261
"1102",2010-06-28,20535.9642175216
"1103",2010-06-29,20494.0246191584
"1104",2010-06-30,20448.0141423269
"1105",2010-07-02,20350.2666443285
"1106",2010-07-05,20212.4530039288
"1107",2010-07-06,20174.420766277
"1108",2010-07-07,20142.4790344371
"1109",2010-07-08,20117.4984672524
"1110",2010-07-09,20100.259514012
"1111",2010-07-12,20102.7968308507
"1112",2010-07-13,20124.3210618389
"1113",2010-07-14,20157.1460019889
"1114",2010-07-15,20200.4079307512
"1115",2010-07-16,20252.4875217724
"1116",2010-07-19,20445.3278164219
"1117",2010-07-20,20516.7574617834
"1118",2010-07-21,20589.2792528753
"1119",2010-07-22,20661.5241453645
"1120",2010-07-23,20732.3302921802
"1121",2010-07-26,20930.7835161552
"1122",2010-07-27,20991.0848463923
"1123",2010-07-28,21047.8813324668
"1124",2010-07-29,21100.8249912075
"1125",2010-07-30,21149.5678394431
"1126",2010-08-02,21267.1116894073
"1127",2010-08-03,21295.5714639104
"1128",2010-08-04,21318.1250836426
"1129",2010-08-05,21334.6348214112
"1130",2010-08-06,21345.1700190495
"1131",2010-08-09,21344.360075774
"1132",2010-08-10,21334.9770250505
"1133",2010-08-11,21321.9086139063
"1134",2010-08-12,21305.6775469784
"1135",2010-08-13,21286.806528904
"1136",2010-08-16,21219.5808141719
"1137",2010-08-17,21195.3770378818
"1138",2010-08-18,21171.1468336304
"1139",2010-08-19,21147.4129060549
"1140",2010-08-20,21124.6979597923
"1141",2010-08-23,21067.8940552524
"1142",2010-08-24,21054.4820806119
"1143",2010-08-25,21044.7026104697
"1144",2010-08-26,21038.9949985527
"1145",2010-08-27,21037.404397967
"1146",2010-08-30,21054.3886062391
"1147",2010-08-31,21066.2584214061
"1148",2010-09-01,21080.8072824609
"1149",2010-09-02,21097.831166322
"1150",2010-09-03,21117.1260499078
"1151",2010-09-06,21187.2844033673
"1152",2010-09-07,21214.5657810091
"1153",2010-09-08,21243.709540896
"1154",2010-09-09,21274.6645344286
"1155",2010-09-10,21307.3796130072
"1156",2010-09-13,21415.5738730247
"1157",2010-09-14,21454.8178057927
"1158",2010-09-15,21495.5660806092
"1159",2010-09-16,21537.7675488748
"1160",2010-09-17,21581.3710619899
"1161",2010-09-20,21718.8257547524
"1162",2010-09-21,21765.934902519
"1163",2010-09-22,21813.8592839837
"1164",2010-09-24,21913.9758934865
"1165",2010-09-27,22081.6534697212
"1166",2010-09-28,22144.0355171401
"1167",2010-09-29,22210.3401666371
"1168",2010-09-30,22280.6160235393
"1169",2010-10-04,22600.7759075692
"1170",2010-10-05,22690.4160882745
"1171",2010-10-06,22783.8307910959
"1172",2010-10-07,22880.9872351519
"1173",2010-10-08,22981.7461681787
"1174",2010-10-11,23289.2330940378
"1175",2010-10-12,23383.9592169943
"1176",2010-10-13,23469.8562156841
"1177",2010-10-14,23543.957471246
"1178",2010-10-15,23603.296364819
"1179",2010-10-18,23674.7921665032
"1180",2010-10-19,23661.8525417683
"1181",2010-10-20,23633.0660469702
"1182",2010-10-21,23595.964833956
"1183",2010-10-22,23559.4769701503
"1184",2010-10-25,23493.4244468363
"1185",2010-10-26,23491.505608836
"1186",2010-10-27,23502.152061072
"1187",2010-10-28,23526.8733767545
"1188",2010-10-29,23566.4613390061
"1189",2010-11-01,23750.7601725417
"1190",2010-11-02,23824.71420826
"1191",2010-11-03,23900.2668440547
"1192",2010-11-04,23974.6209126097
"1193",2010-11-05,24044.9792466089
"1194",2010-11-08,24204.1081681103
"1195",2010-11-09,24231.1590350263
"1196",2010-11-10,24244.1111966133
"1197",2010-11-11,24244.0503513628
"1198",2010-11-12,24232.0621977661
"1199",2010-11-15,24135.3908718122
"1200",2010-11-16,24086.5504697442
"1201",2010-11-17,24031.2112517867
"1202",2010-11-18,23970.4589164312
"1203",2010-11-19,23905.3791621689
"1204",2010-11-22,23695.032370855
"1205",2010-11-23,23623.363693218
"1206",2010-11-24,23551.976664268
"1207",2010-11-25,23481.1427059501
"1208",2010-11-26,23411.1842669163
"1209",2010-11-29,23210.4832290257
"1210",2010-11-30,23148.1569335894
"1211",2010-12-01,23088.8860872929
"1212",2010-12-02,23033.131744462
"1213",2010-12-03,22981.3549594225
"1214",2010-12-06,22854.5004943098
"1215",2010-12-07,22823.2444836934
"1216",2010-12-08,22798.271302497
"1217",2010-12-09,22779.9762802268
"1218",2010-12-10,22768.5118846659
"1219",2010-12-13,22774.1703282111
"1220",2010-12-14,22788.1433430382
"1221",2010-12-15,22807.4783010625
"1222",2010-12-16,22831.7663081089
"1223",2010-12-17,22860.5984700021
"1224",2010-12-20,22970.2709430101
"1225",2010-12-21,23013.1907825382
"1226",2010-12-22,23058.6103060369
"1227",2010-12-23,23106.1025343153
"1228",2010-12-24,23155.1695597786
"1229",2010-12-28,23359.4564048463
"1230",2010-12-29,23411.1051585585
"1231",2010-12-30,23462.4328191373
"1232",2010-12-31,23513.1657391531
"1233",2011-01-03,23659.0595815259
"1234",2011-01-04,23704.6770649934
"1235",2011-01-05,23748.3315707498
"1236",2011-01-06,23789.7494513657
"1237",2011-01-07,23828.6570594113
"1238",2011-01-10,23927.5817738309
"1239",2011-01-11,23953.7118172997
"1240",2011-01-12,23975.9633510503
"1241",2011-01-13,23994.0627276532
"1242",2011-01-14,24007.7362996787
"1243",2011-01-17,24019.4657139952
"1244",2011-01-18,24012.7675146971
"1245",2011-01-19,24000.7439047852
"1246",2011-01-20,23983.8195583962
"1247",2011-01-21,23962.4213601694
"1248",2011-01-24,23875.5052685562
"1249",2011-01-25,23840.3332770722
"1250",2011-01-26,23802.7482407976
"1251",2011-01-27,23763.1623211416
"1252",2011-01-28,23721.9876795138
"1253",2011-01-31,23593.0530368934
"1254",2011-02-01,23549.6451214723
"1255",2011-02-02,23506.7092911266
"1256",2011-02-07,23312.364045199
"1257",2011-02-08,23280.062156592
"1258",2011-02-09,23250.7933770464
"1259",2011-02-10,23224.9821819363
"1260",2011-02-11,23203.0667704172
"1261",2011-02-14,23163.9915344236
"1262",2011-02-15,23160.4814086936
"1263",2011-02-16,23161.5554136534
"1264",2011-02-17,23166.4514247586
"1265",2011-02-18,23174.3019496204
"1266",2011-02-21,23206.9056828539
"1267",2011-02-22,23217.899338851
"1268",2011-02-23,23227.5100466592
"1269",2011-02-24,23234.8703138895
"1270",2011-02-25,23239.2787023151
"1271",2011-02-28,23235.0845956317
"1272",2011-03-01,23228.3095780311
"1273",2011-03-02,23219.0607903844
"1274",2011-03-03,23207.4670652758
"1275",2011-03-04,23193.6572352893
"1276",2011-03-07,23140.2194419048
"1277",2011-03-08,23118.9310322466
"1278",2011-03-09,23096.6557646181
"1279",2011-03-10,23074.1075555903
"1280",2011-03-11,23052.0003217339
"1281",2011-03-14,22995.4636369023
"1282",2011-03-15,22982.2594694405
"1283",2011-03-16,22973.0658600045
"1284",2011-03-17,22968.5967251652
"1285",2011-03-18,22969.5659814935
"1286",2011-03-21,23012.2432631922
"1287",2011-03-22,23041.8428702257
"1288",2011-03-23,23078.8761732391
"1289",2011-03-24,23122.4828107611
"1290",2011-03-25,23171.8024213208
"1291",2011-03-28,23345.4354765135
"1292",2011-03-29,23409.0033645119
"1293",2011-03-30,23473.982418192
"1294",2011-03-31,23539.5122760828
"1295",2011-04-01,23604.7325767131
"1296",2011-04-04,23789.9325203294
"1297",2011-04-06,23896.0780694666
"1298",2011-04-07,23941.3734356397
"1299",2011-04-08,23980.4960810961
"1300",2011-04-11,24061.1081589554
"1301",2011-04-12,24076.2421843638
"1302",2011-04-13,24085.7706721465
"1303",2011-04-14,24089.8512998913
"1304",2011-04-15,24088.6417451863
"1305",2011-04-18,24054.8487622519
"1306",2011-04-19,24034.0511551204
"1307",2011-04-20,24008.7941380627
"1308",2011-04-21,23979.5456757501
"1309",2011-04-26,23792.1545957202
"1310",2011-04-27,23750.2308986211
"1311",2011-04-28,23708.2595063605
"1312",2011-04-29,23666.7054969164
"1313",2011-05-03,23503.0036673232
"1314",2011-05-04,23462.0090326272
"1315",2011-05-05,23420.7076352747
"1316",2011-05-06,23378.9599293972
"1317",2011-05-09,23253.9953036994
"1318",2011-05-11,23178.7898971578
"1319",2011-05-12,23146.0253639183
"1320",2011-05-13,23117.1859231071
"1321",2011-05-16,23055.7467884283
"1322",2011-05-17,23043.2585721943
"1323",2011-05-18,23034.2351833601
"1324",2011-05-19,23028.1928437399
"1325",2011-05-20,23024.6477751481
"1326",2011-05-23,23024.1584136878
"1327",2011-05-24,23025.7633902229
"1328",2011-05-25,23027.4392040719
"1329",2011-05-26,23028.6945342627
"1330",2011-05-27,23029.0380598233
"1331",2011-05-30,23019.6845990017
"1332",2011-05-31,23011.4676963196
"1333",2011-06-01,22999.8823841466
"1334",2011-06-02,22984.5006624362
"1335",2011-06-03,22965.1406196525
"1336",2011-06-07,22849.8195809654
"1337",2011-06-08,22812.9764271367
"1338",2011-06-09,22773.5418055045
"1339",2011-06-10,22731.8225609983
"1340",2011-06-13,22596.0255395314
"1341",2011-06-14,22548.2362528249
"1342",2011-06-15,22499.6965678923
"1343",2011-06-16,22450.7133296632
"1344",2011-06-17,22401.593383067
"1345",2011-06-20,22257.8954631236
"1346",2011-06-21,22213.235941506
"1347",2011-06-22,22171.1793544152
"1348",2011-06-23,22132.0548799193
"1349",2011-06-24,22096.131544935
"1350",2011-06-27,22010.2586462172
"1351",2011-06-28,21989.830138445
"1352",2011-06-29,21973.9479047674
"1353",2011-06-30,21962.8809721009
"1354",2011-07-04,21972.1467898788
"1355",2011-07-05,21989.1034534549
"1356",2011-07-06,22011.8671303442
"1357",2011-07-07,22039.7141029712
"1358",2011-07-08,22071.8280799365
"1359",2011-07-11,22185.6091228703
"1360",2011-07-12,22226.6282031966
"1361",2011-07-13,22267.832830865
"1362",2011-07-14,22308.4067144761
"1363",2011-07-15,22347.5335626309
"1364",2011-07-18,22448.2493977432
"1365",2011-07-19,22473.6125465139
"1366",2011-07-20,22493.2482806561
"1367",2011-07-21,22506.0211083419
"1368",2011-07-22,22510.7955377433
"1369",2011-07-25,22465.7735179622
"1370",2011-07-26,22427.199435947
"1371",2011-07-27,22374.9494965078
"1372",2011-07-28,22307.8882078168
"1373",2011-07-29,22224.8800780459
"1374",2011-08-01,21874.8049724748
"1375",2011-08-02,21725.3529476952
"1376",2011-08-03,21562.5751259039
"1377",2011-08-04,21389.644352814
"1378",2011-08-05,21209.7334741389
"1379",2011-08-08,20659.8486617341
"1380",2011-08-09,20483.7458178503
"1381",2011-08-10,20316.5270969474
"1382",2011-08-11,20161.2282106737
"1383",2011-08-12,20020.336334418
"1384",2011-08-15,19703.6531101968
"1385",2011-08-16,19638.4766300079
"1386",2011-08-17,19595.9461941906
"1387",2011-08-18,19577.0750431773
"1388",2011-08-19,19580.577272747
"1389",2011-08-22,19687.4981369649
"1390",2011-08-23,19741.7415541716
"1391",2011-08-24,19798.6880848749
"1392",2011-08-25,19855.346694086
"1393",2011-08-26,19909.792863435
"1394",2011-08-29,20042.855306122
"1395",2011-08-30,20071.4502898355
"1396",2011-08-31,20089.3321205935
"1397",2011-09-01,20094.8006557772
"1398",2011-09-02,20086.5705714045
"1399",2011-09-05,19985.0873811289
"1400",2011-09-06,19928.2912359846
"1401",2011-09-07,19861.3254986476
"1402",2011-09-08,19784.9789383177
"1403",2011-09-09,19700.0906382331
"1404",2011-09-12,19405.7335290142
"1405",2011-09-14,19188.8332775777
"1406",2011-09-15,19077.2690150614
"1407",2011-09-16,18964.8190514415
"1408",2011-09-19,18629.5494953409
"1409",2011-09-20,18520.7443172456
"1410",2011-09-21,18414.5357810504
"1411",2011-09-22,18311.5964697139
"1412",2011-09-23,18212.5989661946
"1413",2011-09-26,17945.9831321261
"1414",2011-09-27,17869.4786894616
"1415",2011-09-28,17800.2789694073
"1416",2011-09-30,17686.4840289634
"1417",2011-10-03,17584.8910186999
"1418",2011-10-04,17570.1108252724
"1419",2011-10-06,17567.4859975444
"1420",2011-10-07,17578.5994054032
"1421",2011-10-10,17655.3911688264
"1422",2011-10-11,17693.7356735152
"1423",2011-10-12,17737.5855051107
"1424",2011-10-13,17786.4196846925
"1425",2011-10-14,17839.7172333402
"1426",2011-10-17,18021.1803044756
"1427",2011-10-18,18087.1215401836
"1428",2011-10-19,18154.9212503559
"1429",2011-10-20,18224.0584560719
"1430",2011-10-21,18294.0121784115
"1431",2011-10-24,18503.5626559676
"1432",2011-10-25,18571.5726555976
"1433",2011-10-26,18637.7942772494
"1434",2011-10-27,18701.7065420025
"1435",2011-10-28,18762.7884709367
"1436",2011-10-31,18923.8424536221
"1437",2011-11-01,18968.393250077
"1438",2011-11-02,19007.5088161112
"1439",2011-11-03,19040.6681728043
"1440",2011-11-04,19067.3961572352
"1441",2011-11-07,19109.2007395166
"1442",2011-11-08,19111.594317537
"1443",2011-11-09,19108.8977040564
"1444",2011-11-10,19101.5191689964
"1445",2011-11-11,19089.8669822782
"1446",2011-11-14,19033.3512113899
"1447",2011-11-15,19008.687117254
"1448",2011-11-16,18981.7907210673
"1449",2011-11-17,18953.0702927512
"1450",2011-11-18,18922.9341022271
"1451",2011-11-21,18828.1136566218
"1452",2011-11-22,18796.3971164805
"1453",2011-11-23,18765.3061637385
"1454",2011-11-24,18735.162918613
"1455",2011-11-25,18705.980587198
"1456",2011-11-28,18625.0397656088
"1457",2011-11-29,18600.6131488155
"1458",2011-11-30,18577.6391603158
"1459",2011-12-01,18556.2232799652
"1460",2011-12-02,18536.4709876188
"1461",2011-12-05,18488.2504371581
"1462",2011-12-06,18476.2072953817
"1463",2011-12-07,18466.3551408861
"1464",2011-12-08,18458.801081221
"1465",2011-12-09,18453.6300140603
"1466",2011-12-12,18450.9449869369
"1467",2011-12-13,18453.3818805627
"1468",2011-12-14,18456.992808433
"1469",2011-12-15,18461.4826202944
"1470",2011-12-16,18466.5561658932
"1471",2011-12-19,18482.3277025808
"1472",2011-12-20,18486.7846805955
"1473",2011-12-21,18490.3496410806
"1474",2011-12-22,18492.7274337826
"1475",2011-12-23,18493.7941628982
"1476",2011-12-28,18503.7700735464
"1477",2011-12-29,18512.22832989
"1478",2011-12-30,18524.6891349982
"1479",2012-01-03,18621.6419124859
"1480",2012-01-04,18657.6382593596
"1481",2012-01-05,18698.2162944953
"1482",2012-01-06,18743.278835676
"1483",2012-01-09,18904.4016733196
"1484",2012-01-10,18966.4304165116
"1485",2012-01-11,19032.4329836463
"1486",2012-01-12,19102.1645434915
"1487",2012-01-13,19175.2358534101
"1488",2012-01-16,19409.2814718594
"1489",2012-01-17,19490.4560409555
"1490",2012-01-18,19572.3180248823
"1491",2012-01-19,19654.3320636544
"1492",2012-01-20,19735.9627972863
"1493",2012-01-26,20187.7176319481
"1494",2012-01-27,20251.8207577423
"1495",2012-01-30,20423.1644468903
"1496",2012-01-31,20474.7251632917
"1497",2012-02-01,20524.2343958557
"1498",2012-02-02,20572.1274082743
"1499",2012-02-03,20618.8394642397
"1500",2012-02-06,20756.2425303359
"1501",2012-02-07,20802.583397408
"1502",2012-02-08,20849.9196264868
"1503",2012-02-09,20898.7053833013
"1504",2012-02-10,20949.4309912486
"1505",2012-02-13,21110.9053616498
"1506",2012-02-14,21164.8595449865
"1507",2012-02-15,21217.2880120356
"1508",2012-02-16,21267.236515064
"1509",2012-02-17,21313.7508063381
"1510",2012-02-20,21423.1459323018
"1511",2012-02-21,21446.4834992477
"1512",2012-02-22,21462.2312159061
"1513",2012-02-23,21470.0504346768
"1514",2012-02-24,21469.60250796
"1515",2012-02-27,21421.7424677408
"1516",2012-02-28,21393.8354579079
"1517",2012-02-29,21362.4260121091
"1518",2012-03-01,21329.123704894
"1519",2012-03-02,21295.3238344276
"1520",2012-03-05,21197.6013250692
"1521",2012-03-06,21168.142296778
"1522",2012-03-07,21141.1855596416
"1523",2012-03-08,21117.2464133175
"1524",2012-03-09,21096.4949367126
"1525",2012-03-12,21049.2283691101
"1526",2012-03-13,21037.1061820571
"1527",2012-03-14,21026.1341008292
"1528",2012-03-15,21015.9121882771
"1529",2012-03-16,21006.0405072513
"1530",2012-03-19,20974.7306490624
"1531",2012-03-20,20962.5747476412
"1532",2012-03-21,20949.1710768606
"1533",2012-03-22,20934.4296394797
"1534",2012-03-23,20918.3418195492
"1535",2012-03-26,20862.1017885063
"1536",2012-03-27,20840.7301624233
"1537",2012-03-28,20818.0630158134
"1538",2012-03-29,20794.1105210813
"1539",2012-03-30,20768.8828506316
"1540",2012-04-02,20688.1399226318
"1541",2012-04-03,20661.3564250045
"1542",2012-04-05,20611.5345872742
"1543",2012-04-10,20525.7123979218
"1544",2012-04-11,20517.9461579738
"1545",2012-04-12,20514.1171714787
"1546",2012-04-13,20514.5702330702
"1547",2012-04-16,20545.0696527022
"1548",2012-04-17,20566.0412286173
"1549",2012-04-18,20592.673079625
"1550",2012-04-19,20624.826647373
"1551",2012-04-20,20661.8129462158
"1552",2012-04-23,20793.5023046258
"1553",2012-04-24,20841.5536031604
"1554",2012-04-25,20890.3006635548
"1555",2012-04-26,20938.7078592926
"1556",2012-04-27,20984.7755786545
"1557",2012-04-30,21078.0806478456
"1558",2012-05-02,21070.7838429269
"1559",2012-05-03,21037.0192113796
"1560",2012-05-04,20981.285226274
"1561",2012-05-07,20697.1000644317
"1562",2012-05-08,20569.2607082932
"1563",2012-05-09,20427.9493278558
"1564",2012-05-10,20275.9831024977
"1565",2012-05-11,20117.8552311699
"1566",2012-05-14,19654.0865862734
"1567",2012-05-15,19515.6886184111
"1568",2012-05-16,19388.4493589161
"1569",2012-05-17,19272.5226107449
"1570",2012-05-18,19168.062176854
"1571",2012-05-21,18923.043160944
"1572",2012-05-22,18863.1705698435
"1573",2012-05-23,18813.0905896137
"1574",2012-05-24,18771.7367072075
"1575",2012-05-25,18738.0190718779
"1576",2012-05-28,18667.4790812197
"1577",2012-05-29,18647.9995859874
"1578",2012-05-30,18629.8348104896
"1579",2012-05-31,18613.8933368107
"1580",2012-06-01,18601.0837470351
"1581",2012-06-04,18590.5321019724
"1582",2012-06-05,18599.1507863945
"1583",2012-06-06,18614.2798796719
"1584",2012-06-07,18635.4480107741
"1585",2012-06-08,18662.1299167591
"1586",2012-06-11,18770.0056545925
"1587",2012-06-12,18813.4900306902
"1588",2012-06-13,18859.8618669614
"1589",2012-06-14,18908.5959004642
"1590",2012-06-15,18959.1668682567
"1591",2012-06-18,19116.648747954
"1592",2012-06-19,19169.2063406433
"1593",2012-06-20,19220.3236558525
"1594",2012-06-21,19268.9119321843
"1595",2012-06-22,19314.232002662
"1596",2012-06-25,19424.0652952561
"1597",2012-06-26,19449.7948586029
"1598",2012-06-27,19468.9973742383
"1599",2012-06-28,19481.0727247737
"1600",2012-06-29,19485.8235168468
"1601",2012-07-03,19445.8303866976
"1602",2012-07-04,19425.0367955242
"1603",2012-07-05,19401.5035455689
"1604",2012-07-06,19376.019869168
"1605",2012-07-09,19295.7586046546
"1606",2012-07-10,19270.3655458342
"1607",2012-07-11,19246.8955398763
"1608",2012-07-12,19225.7217262241
"1609",2012-07-13,19206.9788876687
"1610",2012-07-16,19168.1394327058
"1611",2012-07-17,19162.0138043183
"1612",2012-07-18,19159.8108557469
"1613",2012-07-19,19161.8379379014
"1614",2012-07-20,19168.4024016915
"1615",2012-07-23,19218.3935919718
"1616",2012-07-24,19246.177085185
"1617",2012-07-25,19279.9705133883
"1618",2012-07-26,19319.8161364376
"1619",2012-07-27,19365.4363068396
"1620",2012-07-30,19528.5378033699
"1621",2012-07-31,19588.6122516083
"1622",2012-08-01,19650.0204850209
"1623",2012-08-02,19711.8505898937
"1624",2012-08-03,19773.1906525129
"1625",2012-08-06,19945.151449709
"1626",2012-08-07,19995.412206174
"1627",2012-08-08,20040.6233518156
"1628",2012-08-09,20079.873173654
"1629",2012-08-10,20112.2648612723
"1630",2012-08-13,20164.1555946769
"1631",2012-08-14,20166.5805511261
"1632",2012-08-15,20161.8279140007
"1633",2012-08-16,20150.0899770198
"1634",2012-08-17,20131.5590339023
"1635",2012-08-20,20039.1626826404
"1636",2012-08-21,19998.2631525735
"1637",2012-08-22,19953.9993152308
"1638",2012-08-23,19907.9604863192
"1639",2012-08-24,19861.6357225197
"1640",2012-08-27,19733.3828329501
"1641",2012-08-28,19697.5390614612
"1642",2012-08-29,19666.4148877441
"1643",2012-08-30,19640.5735058647
"1644",2012-08-31,19620.5781098886
"1645",2012-09-03,19601.2997780384
"1646",2012-09-04,19610.3202663336
"1647",2012-09-05,19627.8293397404
"1648",2012-09-06,19653.4980390118
"1649",2012-09-07,19686.7228429419
"1650",2012-09-10,19825.4456935264
"1651",2012-09-11,19882.6067269337
"1652",2012-09-12,19944.179770421
"1653",2012-09-13,20009.5360050725
"1654",2012-09-14,20078.0466119726
"1655",2012-09-17,20296.2164770071
"1656",2012-09-18,20371.1371058463
"1657",2012-09-19,20446.5236226064
"1658",2012-09-20,20522.087929179
"1659",2012-09-21,20597.501137787
"1660",2012-09-24,20819.0143365066
"1661",2012-09-25,20889.9791793237
"1662",2012-09-26,20958.8588699021
"1663",2012-09-27,21025.3028169622
"1664",2012-09-28,21089.1149613709
"1665",2012-10-03,21365.6821873267
"1666",2012-10-04,21412.2296869806
"1667",2012-10-05,21455.8663020776
"1668",2012-10-08,21570.1004653749
"1669",2012-10-09,21602.8650253413
"1670",2012-10-10,21633.0384225564
"1671",2012-10-11,21660.648179849
"1672",2012-10-12,21685.7172036289
"1673",2012-10-15,21745.9570900229
"1674",2012-10-16,21761.1439460951
"1675",2012-10-17,21773.9322269324
"1676",2012-10-18,21784.3507192116
"1677",2012-10-19,21792.4282096097
"1678",2012-10-22,21802.9025362845
"1679",2012-10-24,21798.7081670699
"1680",2012-10-25,21793.3441663937
"1681",2012-10-26,21785.840670574
"1682",2012-10-29,21750.781079022
"1683",2012-10-30,21735.0074693964
"1684",2012-10-31,21717.2382980115
"1685",2012-11-01,21697.5023515439
"1686",2012-11-02,21675.8284166706
"1687",2012-11-05,21599.4665483841
"1688",2012-11-06,21570.4767628835
"1689",2012-11-07,21540.5703546385
"1690",2012-11-08,21510.6056022482
"1691",2012-11-09,21481.4287992233
"1692",2012-11-12,21407.0890214468
"1693",2012-11-13,21389.5269509894
"1694",2012-11-14,21376.9842974503
"1695",2012-11-15,21370.3073543401
"1696",2012-11-16,21370.3245628852
"1697",2012-11-19,21413.1455208705
"1698",2012-11-20,21440.6952800579
"1699",2012-11-21,21474.3022850212
"1700",2012-11-22,21513.6180512682
"1701",2012-11-23,21558.2940943068
"1702",2012-11-26,21718.5767333544
"1703",2012-11-27,21777.8088620613
"1704",2012-11-28,21838.0213622101
"1705",2012-11-29,21897.8431370172
"1706",2012-11-30,21955.9788326711
"1707",2012-12-03,22111.8544608271
"1708",2012-12-04,22155.597134578
"1709",2012-12-05,22195.0757294308
"1710",2012-12-06,22230.6506354477
"1711",2012-12-07,22262.682242691
"1712",2012-12-10,22341.1211724012
"1713",2012-12-11,22362.5834851721
"1714",2012-12-12,22382.3044494805
"1715",2012-12-13,22400.6444553886
"1716",2012-12-14,22417.9638929585
"1717",2012-12-17,22468.176869283
"1718",2012-12-18,22486.052527123
"1719",2012-12-19,22505.2398561152
"1720",2012-12-20,22526.1134201536
"1721",2012-12-21,22549.047783132
"1722",2012-12-24,22633.9613046472
"1723",2012-12-27,22748.0261886133
"1724",2012-12-28,22791.8752127492
"1725",2012-12-31,22934.2309166264
"1726",2013-01-02,23032.3745791512
"1727",2013-01-03,23080.6881685103
"1728",2013-01-04,23127.7272855404
"1729",2013-01-07,23257.7463983298
"1730",2013-01-08,23297.0804700764
"1731",2013-01-09,23334.2339883413
"1732",2013-01-10,23369.0638527362
"1733",2013-01-11,23401.4269628726
"1734",2013-01-14,23483.0714287972
"1735",2013-01-15,23505.2198367679
"1736",2013-01-16,23524.9170247468
"1737",2013-01-17,23542.2264852533
"1738",2013-01-18,23557.2117108071
"1739",2013-01-21,23588.856902948
"1740",2013-01-22,23595.1801138867
"1741",2013-01-23,23599.4965524708
"1742",2013-01-24,23601.8697112196
"1743",2013-01-25,23602.3630826528
"1744",2013-01-28,23593.199398255
"1745",2013-01-29,23586.804367939
"1746",2013-01-30,23578.8219468088
"1747",2013-01-31,23569.2905612873
"1748",2013-02-01,23558.2486377974
"1749",2013-02-04,23516.4439037475
"1750",2013-02-05,23499.7440926139
"1751",2013-02-06,23481.7258756269
"1752",2013-02-07,23462.407170397
"1753",2013-02-08,23441.7410840164
"1754",2013-02-14,23292.3333969622
"1755",2013-02-15,23263.9311125466
"1756",2013-02-18,23173.6782740139
"1757",2013-02-19,23141.7452162563
"1758",2013-02-20,23108.8788964605
"1759",2013-02-21,23075.120624254
"1760",2013-02-22,23040.5117092644
"1761",2013-02-25,22931.9942038726
"1762",2013-02-26,22894.4417964836
"1763",2013-02-27,22856.5211891941
"1764",2013-02-28,22818.5316131014
"1765",2013-03-01,22780.7004062026
"1766",2013-03-04,22670.2506478911
"1767",2013-03-05,22635.1465649892
"1768",2013-03-06,22601.2476748918
"1769",2013-03-07,22568.7633423211
"1770",2013-03-08,22537.8886167562
"1771",2013-03-11,22455.5734931327
"1772",2013-03-12,22431.5121194482
"1773",2013-03-13,22409.0971782738
"1774",2013-03-14,22388.3034288587
"1775",2013-03-15,22369.1056304519
"1776",2013-03-18,22320.8355337723
"1777",2013-03-19,22307.7691318896
"1778",2013-03-20,22296.1724772608
"1779",2013-03-21,22286.0203291348
"1780",2013-03-22,22277.2874467607
"1781",2013-03-25,22259.3519866412
"1782",2013-03-26,22256.0437597659
"1783",2013-03-27,22254.0285948879
"1784",2013-03-28,22253.2812512565
"1785",2013-04-02,22267.6784255147
"1786",2013-04-03,22274.0079535931
"1787",2013-04-05,22289.9151769693
"1788",2013-04-08,22321.5178188185
"1789",2013-04-09,22334.015551574
"1790",2013-04-10,22347.4529758141
"1791",2013-04-11,22361.8048507879
"1792",2013-04-12,22377.0491767569
"1793",2013-04-15,22428.1958895679
"1794",2013-04-16,22447.1143246629
"1795",2013-04-17,22466.9326313897
"1796",2013-04-18,22487.5423641298
"1797",2013-04-19,22508.7982405558
"1798",2013-04-22,22574.9259028711
"1799",2013-04-23,22597.2495249622
"1800",2013-04-24,22619.4608761997
"1801",2013-04-25,22641.4082736757
"1802",2013-04-26,22662.9400344824
"1803",2013-04-29,22723.5246678072
"1804",2013-04-30,22741.8770528573
"1805",2013-05-02,22774.9079864227
"1806",2013-05-03,22789.2831691223
"1807",2013-05-06,22822.0273859932
"1808",2013-05-07,22828.9760715145
"1809",2013-05-08,22833.6889254715
"1810",2013-05-09,22836.0142649563
"1811",2013-05-10,22835.8004070609
"1812",2013-05-13,22818.4068200146
"1813",2013-05-14,22806.5264153652
"1814",2013-05-15,22791.3908298703
"1815",2013-05-16,22772.8908116964
"1816",2013-05-20,22663.0613755384
"1817",2013-05-21,22626.1125649114
"1818",2013-05-22,22585.2167012804
"1819",2013-05-23,22540.3374234886
"1820",2013-05-24,22491.4383703789
"1821",2013-05-27,22321.2080273795
"1822",2013-05-28,22257.1971924983
"1823",2013-05-29,22190.0104443513
"1824",2013-05-30,22120.0043697477
"1825",2013-05-31,22047.5355554966
"1826",2013-06-03,21818.9185429498
"1827",2013-06-04,21740.1646382001
"1828",2013-06-05,21660.7309278485
"1829",2013-06-06,21580.9739987043
"1830",2013-06-07,21501.2504375764
"1831",2013-06-10,21265.8458303827
"1832",2013-06-11,21189.8216094118
"1833",2013-06-13,21043.5786604653
"1834",2013-06-14,20974.0731061079
"1835",2013-06-17,20784.299165209
"1836",2013-06-18,20728.4773816642
"1837",2013-06-19,20676.9680078453
"1838",2013-06-20,20630.1276305615
"1839",2013-06-21,20588.3128366219
"1840",2013-06-24,20496.5878229595
"1841",2013-06-25,20478.441230488
"1842",2013-06-26,20467.1031554063
"1843",2013-06-27,20462.9301845236
"1844",2013-06-28,20466.278904649
"1845",2013-07-02,20552.4306484444
"1846",2013-07-03,20589.5944576042
"1847",2013-07-04,20631.9233303599
"1848",2013-07-05,20678.874623867
"1849",2013-07-08,20842.0366004551
"1850",2013-07-09,20902.0511485257
"1851",2013-07-10,20963.9749031264
"1852",2013-07-11,21027.265221413
"1853",2013-07-12,21091.3599489619
"1854",2013-07-15,21282.0342507469
"1855",2013-07-16,21342.8470683021
"1856",2013-07-17,21400.9818307001
"1857",2013-07-18,21455.5558711909
"1858",2013-07-19,21505.7249423277
"1859",2013-07-22,21629.2904972329
"1860",2013-07-23,21664.2295462854
"1861",2013-07-24,21697.5544873919
"1862",2013-07-25,21730.1716965597
"1863",2013-07-26,21762.9875497958
"1864",2013-07-29,21865.7437175987
"1865",2013-07-30,21900.2951965532
"1866",2013-07-31,21934.4523893571
"1867",2013-08-01,21967.9615393545
"1868",2013-08-02,22000.5688898892
"1869",2013-08-05,22090.4425781562
"1870",2013-08-06,22116.9354322191
"1871",2013-08-07,22141.3690526144
"1872",2013-08-08,22163.3199975071
"1873",2013-08-09,22182.2945664983
"1874",2013-08-12,22216.4230140751
"1875",2013-08-13,22218.5550754724
"1876",2013-08-15,22205.990864182
"1877",2013-08-16,22190.3071906966
"1878",2013-08-19,22109.3862548039
"1879",2013-08-20,22076.27528279
"1880",2013-08-21,22042.8508729422
"1881",2013-08-22,22010.7661605747
"1882",2013-08-23,21981.6742810021
"1883",2013-08-26,21928.8869921978
"1884",2013-08-27,21928.2977969491
"1885",2013-08-28,21938.9180651663
"1886",2013-08-29,21961.7551792207
"1887",2013-08-30,21996.1653818321
"1888",2013-09-02,22158.3917138314
"1889",2013-09-03,22228.6514634938
"1890",2013-09-04,22305.2628981247
"1891",2013-09-05,22387.1817370064
"1892",2013-09-06,22473.3636994211
"1893",2013-09-09,22745.1090293008
"1894",2013-09-10,22835.1166065396
"1895",2013-09-11,22921.5786811813
"1896",2013-09-12,23001.8198378909
"1897",2013-09-13,23073.0809347504
"1898",2013-09-16,23220.1577676067
"1899",2013-09-17,23248.1411636894
"1900",2013-09-18,23266.4735197187
"1901",2013-09-19,23275.6768761234
"1902",2013-09-23,23239.6721720147
"1903",2013-09-24,23218.6949964378
"1904",2013-09-25,23195.3611678638
"1905",2013-09-26,23170.8211840469
"1906",2013-09-27,23146.2255427417
"1907",2013-09-30,23083.6096514403
"1908",2013-10-02,23060.8887385883
"1909",2013-10-03,23055.8176975625
"1910",2013-10-04,23054.4269180155
"1911",2013-10-07,23067.5328232654
"1912",2013-10-08,23076.0597646513
"1913",2013-10-09,23085.8653050247
"1914",2013-10-10,23096.4952304987
"1915",2013-10-11,23107.6123987274
"1916",2013-10-15,23148.5322957156
"1917",2013-10-16,23155.1418673992
"1918",2013-10-17,23159.2823030205
"1919",2013-10-18,23160.5186431111
"1920",2013-10-21,23143.4195965965
"1921",2013-10-22,23129.9037065188
"1922",2013-10-23,23112.7931983317
"1923",2013-10-24,23092.6814455184
"1924",2013-10-25,23070.1726585501
"1925",2013-10-28,22994.7830248858
"1926",2013-10-29,22969.226707444
"1927",2013-10-30,22944.5501717213
"1928",2013-10-31,22921.3864333347
"1929",2013-11-01,22900.34327089
"1930",2013-11-04,22855.6371677613
"1931",2013-11-05,22848.7342370142
"1932",2013-11-06,22846.7583335695
"1933",2013-11-07,22850.2659427203
"1934",2013-11-08,22859.8135497592
"1935",2013-11-11,22930.1336571696
"1936",2013-11-12,22969.1642249881
"1937",2013-11-13,23016.3731162844
"1938",2013-11-14,23071.1382322423
"1939",2013-11-15,23132.2823131852
"1940",2013-11-18,23341.1483330095
"1941",2013-11-19,23414.9682609774
"1942",2013-11-20,23488.7471474727
"1943",2013-11-21,23561.2009912036
"1944",2013-11-22,23631.0659495077
"1945",2013-11-25,23813.1800425198
"1946",2013-11-26,23860.6736877972
"1947",2013-11-27,23899.3526891979
"1948",2013-11-28,23927.7943265659
"1949",2013-11-29,23944.5582339791
"1950",2013-12-02,23921.4845980836
"1951",2013-12-03,23892.6037211162
"1952",2013-12-04,23854.9807591045
"1953",2013-12-05,23809.7863862436
"1954",2013-12-06,23758.427379612
"1955",2013-12-09,23580.7873417067
"1956",2013-12-10,23517.7378277987
"1957",2013-12-11,23454.7564777792
"1958",2013-12-12,23393.035040363
"1959",2013-12-13,23333.7652642653
"1960",2013-12-16,23182.5833910316
"1961",2013-12-17,23144.906886584
"1962",2013-12-18,23114.7781257245
"1963",2013-12-19,23092.0973411045
"1964",2013-12-20,23076.2085480416
"1965",2013-12-23,23061.4026644745
"1966",2013-12-24,23064.783887281
"1967",2013-12-27,23088.8017865975
"1968",2013-12-30,23117.0180506263
"1969",2013-12-31,23123.7438851654
"1970",2014-01-02,23130.2119893779
"1971",2014-01-03,23129.3226738024
"1972",2014-01-06,23106.3717448545
"1973",2014-01-07,23090.9077990497
"1974",2014-01-08,23071.0107141264
"1975",2014-01-09,23046.4888163712
"1976",2014-01-10,23017.6653368109
"1977",2014-01-13,22910.669786855
"1978",2014-01-14,22869.9612178197
"1979",2014-01-15,22827.6301149469
"1980",2014-01-16,22784.2159736491
"1981",2014-01-17,22740.2582893389
"1982",2014-01-20,22610.5888118609
"1983",2014-01-21,22569.8547382047
"1984",2014-01-22,22530.7791211194
"1985",2014-01-23,22493.3593922698
"1986",2014-01-24,22457.5929833207
"1987",2014-01-27,22360.1879925252
"1988",2014-01-28,22331.0091798267
"1989",2014-01-29,22303.4708453531
"1990",2014-01-30,22277.570420769
"1991",2014-02-04,22172.5470544629
"1992",2014-02-05,22156.4064272666
"1993",2014-02-06,22141.8184865446
"1994",2014-02-07,22128.7589679592
"1995",2014-02-10,22098.0031379493
"1996",2014-02-11,22090.2796677593
"1997",2014-02-12,22083.6808830917
"1998",2014-02-13,22078.1230533157
"1999",2014-02-14,22073.5224478008
"2000",2014-02-17,22064.6266705161
"2001",2014-02-18,22063.017655739
"2002",2014-02-19,22061.9472120699
"2003",2014-02-20,22061.3316088781
"2004",2014-02-21,22061.087115533
"2005",2014-02-24,22061.7429882712
"2006",2014-02-25,22062.1456280064
"2007",2014-02-26,22062.5007244351
"2008",2014-02-27,22062.7245469267
"2009",2014-02-28,22062.7333648506
"2010",2014-03-03,22060.6324849096
"2011",2014-03-04,22058.9753273652
"2012",2014-03-05,22056.8739663293
"2013",2014-03-06,22054.4395637058
"2014",2014-03-07,22051.7846409749
"2015",2014-03-10,22043.6219669392
"2016",2014-03-11,22041.2101785802
"2017",2014-03-12,22039.1404775145
"2018",2014-03-13,22037.5253852224
"2019",2014-03-14,22036.477423184
"2020",2014-03-17,22037.8615333923
"2021",2014-03-18,22040.2073071702
"2022",2014-03-19,22043.6828186026
"2023",2014-03-20,22048.3682186676
"2024",2014-03-21,22054.2141763353
"2025",2014-03-24,22077.8983796367
"2026",2014-03-25,22087.5695523969
"2027",2014-03-26,22097.9927751007
"2028",2014-03-27,22109.086346216
"2029",2014-03-28,22120.7685642111
"2030",2014-03-31,22158.5300841563
"2031",2014-04-01,22171.7498743518
"2032",2014-04-02,22185.1498037678
"2033",2014-04-03,22198.6481708724
"2034",2014-04-04,22212.1632741336
"2035",2014-04-07,22251.9919855393
"2036",2014-04-08,22264.757018109
"2037",2014-04-09,22277.130279176
"2038",2014-04-10,22289.0300672087
"2039",2014-04-11,22300.374680675
"2040",2014-04-14,22330.7529506305
"2041",2014-04-15,22339.7347473313
"2042",2014-04-16,22348.1906327157
"2043",2014-04-17,22356.1483479789
"2044",2014-04-22,22389.4353143192
"2045",2014-04-23,22394.9865739599
"2046",2014-04-24,22400.2338518475
"2047",2014-04-25,22405.2048891774
"2048",2014-04-28,22418.737969775
"2049",2014-04-29,22422.8814568282
"2050",2014-04-30,22426.8874093008
"2051",2014-05-02,22434.5976752859
"2052",2014-05-05,22445.8250947942
"2053",2014-05-07,22453.4083687668
"2054",2014-05-08,22457.3175726352
"2055",2014-05-09,22461.3679827164
"2056",2014-05-12,22474.9345625361
"2057",2014-05-13,22480.1179097681
"2058",2014-05-14,22485.7265193628
"2059",2014-05-15,22491.8172025502
"2060",2014-05-16,22498.4467705603
"2061",2014-05-19,22522.1368958268
"2062",2014-05-20,22531.4901154277
"2063",2014-05-21,22541.6662760012
"2064",2014-05-22,22552.7221887774
"2065",2014-05-23,22564.7146649863
"2066",2014-05-26,22606.879586509
"2067",2014-05-27,22623.1864287486
"2068",2014-05-28,22640.7138905708
"2069",2014-05-29,22659.5187832057
"2070",2014-05-30,22679.6579178832
"2071",2014-06-03,22772.6415375356
"2072",2014-06-04,22798.34599747
"2073",2014-06-05,22824.7479578304
"2074",2014-06-06,22851.6959573818
"2075",2014-06-09,22934.3015788324
"2076",2014-06-10,22961.9191991154
"2077",2014-06-11,22989.3260103192
"2078",2014-06-12,23016.3710091134
"2079",2014-06-13,23042.9031921678
"2080",2014-06-16,23117.9128135894
"2081",2014-06-17,23140.8837003818
"2082",2014-06-18,23162.5867547829
"2083",2014-06-19,23182.8709734626
"2084",2014-06-20,23201.5853530905
"2085",2014-06-23,23246.7994243608
"2086",2014-06-24,23257.7480617529
"2087",2014-06-25,23266.56798966
"2088",2014-06-26,23273.5214012653
"2089",2014-06-27,23278.9247523254
"2090",2014-06-30,23288.9989998028
"2091",2014-07-02,23293.7665509365
"2092",2014-07-03,23296.5151096184
"2093",2014-07-04,23299.9275740141
"2094",2014-07-07,23317.4792108872
"2095",2014-07-08,23326.9617149913
"2096",2014-07-09,23338.8614397371
"2097",2014-07-10,23353.5391299656
"2098",2014-07-11,23371.355530518
"2099",2014-07-14,23447.2444425294
"2100",2014-07-15,23481.1794157267
"2101",2014-07-16,23519.6982261935
"2102",2014-07-17,23562.4178419498
"2103",2014-07-18,23608.858936125
"2104",2014-07-21,23765.7178204596
"2105",2014-07-22,23822.2515596059
"2106",2014-07-23,23880.1101428188
"2107",2014-07-24,23938.8142432279
"2108",2014-07-25,23997.8845339626
"2109",2014-07-28,24172.4992794161
"2110",2014-07-29,24228.3028466416
"2111",2014-07-30,24282.4466731966
"2112",2014-07-31,24334.822135567
"2113",2014-08-01,24385.3206102386
"2114",2014-08-04,24524.2714943275
"2115",2014-08-05,24565.9066716592
"2116",2014-08-06,24604.9621817592
"2117",2014-08-07,24641.3607453552
"2118",2014-08-08,24675.0400799606
"2119",2014-08-11,24760.5860443458
"2120",2014-08-12,24784.7474120854
"2121",2014-08-13,24807.1636134038
"2122",2014-08-14,24828.093734565
"2123",2014-08-15,24847.7968618331
"2124",2014-08-18,24902.1351429181
"2125",2014-08-19,24919.5211572533
"2126",2014-08-20,24936.9756090153
"2127",2014-08-21,24954.6396286961
"2128",2014-08-22,24972.1797530228
"2129",2014-08-25,25019.4206536119
"2130",2014-08-26,25031.8235549005
"2131",2014-08-27,25041.7789693467
"2132",2014-08-28,25048.821624517
"2133",2014-08-29,25052.4862479784
"2134",2014-09-01,25040.2348116288
"2135",2014-09-02,25028.0307872751
"2136",2014-09-03,25011.6117982484
"2137",2014-09-04,24990.8849294159
"2138",2014-09-05,24965.7572656448
"2139",2014-09-08,24863.040353373
"2140",2014-09-10,24771.1714852833
"2141",2014-09-11,24718.4395031105
"2142",2014-09-12,24661.3684275597
"2143",2014-09-15,24467.1742012368
"2144",2014-09-16,24396.3962462133
"2145",2014-09-17,24323.4317082244
"2146",2014-09-18,24248.7826013657
"2147",2014-09-19,24172.9509397327
"2148",2014-09-22,23943.3807671435
"2149",2014-09-23,23867.8390273688
"2150",2014-09-24,23793.6248032975
"2151",2014-09-25,23721.2401090252
"2152",2014-09-26,23651.1869586474
"2153",2014-09-29,23460.0369118364
"2154",2014-09-30,23404.2956311116
"2155",2014-10-03,23264.8618533136
"2156",2014-10-06,23167.9112668021
"2157",2014-10-07,23145.1679916924
"2158",2014-10-08,23127.2589665008
"2159",2014-10-09,23114.1816797016
"2160",2014-10-10,23105.8096783341
"2161",2014-10-13,23107.3510036313
"2162",2014-10-14,23116.2257607998
"2163",2014-10-15,23129.0186118046
"2164",2014-10-16,23145.5721183265
"2165",2014-10-17,23165.736805782
"2166",2014-10-20,23246.7536122784
"2167",2014-10-21,23280.1683320278
"2168",2014-10-22,23316.2288477468
"2169",2014-10-23,23354.3704535962
"2170",2014-10-24,23394.0169666783
"2171",2014-10-27,23516.2241203448
"2172",2014-10-28,23556.1284333816
"2173",2014-10-29,23594.6567391629
"2174",2014-10-30,23631.2328547911
"2175",2014-10-31,23665.2805973686
"2176",2014-11-03,23746.4917578202
"2177",2014-11-04,23764.7871485159
"2178",2014-11-05,23778.4110674578
"2179",2014-11-06,23787.5760321348
"2180",2014-11-07,23792.6980984407
"2181",2014-11-10,23788.476312083
"2182",2014-11-11,23782.0961898557
"2183",2014-11-12,23774.0078717328
"2184",2014-11-13,23764.7113096921
"2185",2014-11-14,23754.9109531715
"2186",2014-11-17,23732.2341519419
"2187",2014-11-18,23729.9857250493
"2188",2014-11-19,23731.7979157072
"2189",2014-11-20,23738.4523407314
"2190",2014-11-21,23750.3704899111
"2191",2014-11-24,23804.9227438256
"2192",2014-11-25,23823.9636461778
"2193",2014-11-26,23840.7070309729
"2194",2014-11-27,23853.5173423623
"2195",2014-11-28,23860.7590244977
"2196",2014-12-01,23838.8201727377
"2197",2014-12-02,23815.9265269455
"2198",2014-12-03,23785.4964285793
"2199",2014-12-04,23748.0353204841
"2200",2014-12-05,23704.048645505
"2201",2014-12-08,23538.8707288845
"2202",2014-12-09,23475.2809017596
"2203",2014-12-10,23409.8995816977
"2204",2014-12-11,23344.8516838185
"2205",2014-12-12,23282.2621232416
"2206",2014-12-15,23130.4926165224
"2207",2014-12-16,23098.9855563523
"2208",2014-12-17,23080.1609551007
"2209",2014-12-18,23073.9798431945
"2210",2014-12-19,23079.3563379545
"2211",2014-12-22,23152.3564876304
"2212",2014-12-23,23191.488434454
"2213",2014-12-24,23235.9405006432
"2214",2014-12-29,23494.3402109696
"2215",2014-12-30,23544.6827896716
"2216",2014-12-31,23592.6164634068
"2217",2015-01-02,23680.2809376893
"2218",2015-01-05,23787.6098725661
"2219",2015-01-06,23816.0556743405
"2220",2015-01-07,23841.0939538281
"2221",2015-01-08,23863.8596375021
"2222",2015-01-09,23885.6549784268
"2223",2015-01-12,23958.241475347
"2224",2015-01-13,23989.1568889749
"2225",2015-01-14,24025.1321587248
"2226",2015-01-15,24065.5702920072
"2227",2015-01-16,24109.5197514314
"2228",2015-01-19,24252.9207126474
"2229",2015-01-20,24301.478346109
"2230",2015-01-21,24349.2590790234
"2231",2015-01-22,24395.7808342645
"2232",2015-01-23,24440.5615347062
"2233",2015-01-26,24559.636535974
"2234",2015-01-27,24592.6322459571
"2235",2015-01-28,24621.5176722407
"2236",2015-01-29,24646.0876345608
"2237",2015-01-30,24666.4625622223
"2238",2015-02-02,24705.5892287498
"2239",2015-02-03,24712.8215412529
"2240",2015-02-04,24717.9335684253
"2241",2015-02-05,24721.3961119702
"2242",2015-02-06,24723.679973591
"2243",2015-02-09,24728.1674839421
"2244",2015-02-10,24730.3762485375
"2245",2015-02-11,24733.2790942201
"2246",2015-02-12,24736.5818678615
"2247",2015-02-13,24739.9194890021
"2248",2015-02-16,24746.4906328209
"2249",2015-02-17,24746.3168393604
"2250",2015-02-18,24744.3524911001
"2251",2015-02-23,24694.8946117114
"2252",2015-02-24,24674.5589752967
"2253",2015-02-25,24650.1393491376
"2254",2015-02-26,24621.7295049545
"2255",2015-02-27,24589.7639128899
"2256",2015-03-02,24477.6547306888
"2257",2015-03-03,24436.5882283797
"2258",2015-03-04,24394.5270188298
"2259",2015-03-05,24351.9833101672
"2260",2015-03-06,24309.4693105201
"2261",2015-03-09,24187.2276469527
"2262",2015-03-10,24149.9545646487
"2263",2015-03-11,24115.303974271
"2264",2015-03-12,24084.0423513404
"2265",2015-03-13,24057.334924811
"2266",2015-03-16,24015.8689708218
"2267",2015-03-17,24018.4541137825
"2268",2015-03-18,24030.9924165687
"2269",2015-03-19,24054.5336367884
"2270",2015-03-20,24090.1275320498
"2271",2015-03-23,24271.8028733308
"2272",2015-03-24,24355.2517514741
"2273",2015-03-25,24448.9621186244
"2274",2015-03-26,24552.223738871
"2275",2015-03-27,24664.3263763031
"2276",2015-03-30,25046.8792139043
"2277",2015-03-31,25187.6277685065
"2278",2015-04-01,25333.7239876325
"2279",2015-04-02,25484.1596528836
"2280",2015-04-08,26419.2714768292
"2281",2015-04-09,26570.767996862
"2282",2015-04-10,26718.2281721359
"2283",2015-04-13,27125.920890799
"2284",2015-04-14,27246.8683489224
"2285",2015-04-15,27359.1978043879
"2286",2015-04-16,27462.7464766614
"2287",2015-04-17,27557.6933859654
"2288",2015-04-20,27793.4712190195
"2289",2015-04-21,27856.5587594047
"2290",2015-04-22,27912.3183783002
"2291",2015-04-23,27961.0048440018
"2292",2015-04-24,28002.8729248055
"2293",2015-04-27,28090.1145407888
"2294",2015-04-28,28107.2567649604
"2295",2015-04-29,28118.8648423185
"2296",2015-04-30,28125.2455241817
"2297",2015-05-04,28104.837255151
"2298",2015-05-05,28089.8381783887
"2299",2015-05-06,28071.5145936711
"2300",2015-05-07,28050.1836489214
"2301",2015-05-08,28026.1624920629
"2302",2015-05-11,27941.1292280671
"2303",2015-05-12,27909.517074317
"2304",2015-05-13,27876.7897299805
"2305",2015-05-14,27843.2458159651
"2306",2015-05-15,27809.1703373336
"2307",2015-05-18,27706.7020177911
"2308",2015-05-19,27673.4509414902
"2309",2015-05-20,27641.1450331371
"2310",2015-05-21,27610.0798844367
"2311",2015-05-22,27580.5510870936
"2312",2015-05-26,27483.7112453894
"2313",2015-05-27,27466.1733500961
"2314",2015-05-28,27451.1969745412
"2315",2015-05-29,27438.3293285817
"2316",2015-06-01,27407.8508668483
"2317",2015-06-02,27398.8902378429
"2318",2015-06-03,27389.7743877192
"2319",2015-06-04,27380.0505263342
"2320",2015-06-05,27369.2658635453
"2321",2015-06-08,27326.019165327
"2322",2015-06-09,27306.4633954944
"2323",2015-06-10,27283.582873544
"2324",2015-06-11,27256.9248093329
"2325",2015-06-12,27226.0558265181
"2326",2015-06-15,27105.1942977272
"2327",2015-06-16,27054.7551213953
"2328",2015-06-17,26999.0924247015
"2329",2015-06-18,26938.2312573842
"2330",2015-06-19,26872.2087310556
"2331",2015-06-22,26644.074836582
"2332",2015-06-23,26558.332836536
"2333",2015-06-24,26467.9045205163
"2334",2015-06-25,26372.9224884854
"2335",2015-06-26,26273.7675147044
"2336",2015-06-29,25960.1526439324
"2337",2015-06-30,25853.4085209801
"2338",2015-07-02,25642.330996839
"2339",2015-07-03,25539.9040859192
"2340",2015-07-06,25256.5096993745
"2341",2015-07-07,25173.1845030459
"2342",2015-07-08,25097.0178482011
"2343",2015-07-09,25028.8543047473
"2344",2015-07-10,24969.0786983333
"2345",2015-07-13,24839.0424583259
"2346",2015-07-14,24810.7327148817
"2347",2015-07-15,24789.1936070157
"2348",2015-07-16,24773.9768151073
"2349",2015-07-17,24764.634019536
"2350",2015-07-20,24767.3664146392
"2351",2015-07-21,24776.9244137325
"2352",2015-07-22,24789.3973010339
"2353",2015-07-23,24803.4370742718
"2354",2015-07-24,24817.650188018
"2355",2015-07-27,24847.3941180267
"2356",2015-07-28,24848.3651395261
"2357",2015-07-29,24842.5417743936
"2358",2015-07-30,24828.5304772012
"2359",2015-07-31,24804.9377025209
"2360",2015-08-03,24669.2583968993
"2361",2015-08-04,24602.4546793193
"2362",2015-08-05,24525.5664758394
"2363",2015-08-06,24439.3160680083
"2364",2015-08-07,24344.4748838925
"2365",2015-08-10,24018.2834012875
"2366",2015-08-11,23899.054132519
"2367",2015-08-12,23776.2707442266
"2368",2015-08-13,23650.9508812131
"2369",2015-08-14,23524.0408922658
"2370",2015-08-17,23140.0162645855
"2371",2015-08-18,23012.8454014588
"2372",2015-08-19,22887.0609945721
"2373",2015-08-20,22763.2437138393
"2374",2015-08-21,22641.9742291742
"2375",2015-08-24,22299.2592507245
"2376",2015-08-25,22193.9876494696
"2377",2015-08-26,22094.167193852
"2378",2015-08-27,22000.3785537856
"2379",2015-08-28,21913.2023991844
"2380",2015-08-31,21694.196933462
"2381",2015-09-01,21635.2230231049
"2382",2015-09-02,21583.0645945467
"2383",2015-09-04,21497.4070240644
"2384",2015-09-07,21408.0742041493
"2385",2015-09-08,21386.7389588528
"2386",2015-09-09,21368.7921519187
"2387",2015-09-10,21353.734137962
"2388",2015-09-11,21341.0652715974
"2389",2015-09-14,21312.3971042063
"2390",2015-09-15,21304.2883743597
"2391",2015-09-16,21296.0705651799
"2392",2015-09-17,21287.2440312817
"2393",2015-09-18,21277.3091272801
"2394",2015-09-21,21243.587122056
"2395",2015-09-22,21234.8143988393
"2396",2015-09-23,21229.305639707
"2397",2015-09-24,21228.2788395523
"2398",2015-09-25,21232.9519932686
"2399",2015-09-29,21333.0040447068
"2400",2015-09-30,21384.0786078059
"2401",2015-10-02,21517.6306977071
"2402",2015-10-05,21781.590661912
"2403",2015-10-06,21882.5789831664
"2404",2015-10-07,21988.4152954689
"2405",2015-10-08,22098.1078934925
"2406",2015-10-09,22210.6650719101
"2407",2015-10-12,22549.7750351216
"2408",2015-10-13,22655.8699961796
"2409",2015-10-14,22754.6181053317
"2410",2015-10-15,22843.6627523434
"2411",2015-10-16,22920.6473269801
"2412",2015-10-19,23069.1043481908
"2413",2015-10-20,23092.7507372617
"2414",2015-10-22,23106.4994683417
"2415",2015-10-23,23098.629722893
"2416",2015-10-26,23028.9899627517
"2417",2015-10-27,22994.3208694699
"2418",2015-10-28,22955.6822020483
"2419",2015-10-29,22914.0210198938
"2420",2015-10-30,22870.2843824135
"2421",2015-11-02,22736.0923320877
"2422",2015-11-03,22693.5244673743
"2423",2015-11-04,22653.6131450187
"2424",2015-11-05,22617.2165212791
"2425",2015-11-06,22584.8352036351
"2426",2015-11-09,22512.0701984774
"2427",2015-11-10,22495.454737246
"2428",2015-11-11,22482.2604926396
"2429",2015-11-12,22472.1567541952
"2430",2015-11-13,22464.7499254635
"2431",2015-11-16,22454.1314711085
"2432",2015-11-17,22452.5883669767
"2433",2015-11-18,22451.2237497963
"2434",2015-11-19,22449.6191259123
"2435",2015-11-20,22447.3560016695
"2436",2015-11-23,22432.4306902382
"2437",2015-11-24,22423.3486280099
"2438",2015-11-25,22411.5116982891
"2439",2015-11-26,22396.4902088964
"2440",2015-11-27,22377.9679030952
"2441",2015-11-30,22302.769036422
"2442",2015-12-01,22272.0624591279
"2443",2015-12-02,22239.0014721009
"2444",2015-12-03,22203.8655160218
"2445",2015-12-04,22166.9340315718
"2446",2015-12-07,22048.1608148066
"2447",2015-12-08,22006.8416236833
"2448",2015-12-09,21965.1241075943
"2449",2015-12-10,21923.2877072208
"2450",2015-12-11,21881.6118632436
"2451",2015-12-14,21759.194976518
"2452",2015-12-15,21719.424412135
"2453",2015-12-16,21680.4355572853
"2454",2015-12-17,21642.4965357038
"2455",2015-12-18,21605.8754711253
"2456",2015-12-21,21505.9281735079
"2457",2015-12-22,21476.3378009495
"2458",2015-12-23,21448.8077078475
"2459",2015-12-24,21423.4564438817
"2460",2015-12-28,21345.4041869605
"2461",2015-12-29,21331.9513447271
"2462",2015-12-30,21320.9715442317
"2463",2015-12-31,21312.4341006459
"2464",2016-01-04,21300.4155794133
"2465",2016-01-05,21302.1429833721
"2466",2016-01-06,21305.4362903991
