1,1/9/2006
2,2/27/2006
3,3/28/2006
4,5/2/2006
5,6/16/2006
6,7/17/2006
7,8/25/2006
8,10/6/2006
9,11/17/2006
10,12/8/2006
11,1/11/2007
12,2/9/2007
13,3/13/2007
14,4/17/2007
15,6/1/2007
16,7/23/2007
17,8/15/2007
18,9/19/2007
19,10/29/2007
20,12/10/2007
21,2/1/2008
22,3/19/2008
23,5/8/2008
24,7/8/2008
25,7/29/2008
26,8/29/2008
27,10/29/2008
28,11/24/2008
29,12/29/2008
30,1/29/2009
31,3/9/2009
32,4/23/2009
33,6/8/2009
34,7/2/2009
35,8/7/2009
36,9/11/2009
37,10/20/2009
38,11/25/2009
39,1/6/2010
40,2/17/2010
41,4/9/2010
42,5/31/2010
43,7/9/2010
44,8/6/2010
45,8/27/2010
46,10/18/2010
47,11/10/2010
48,12/10/2010
49,1/17/2011
50,2/15/2011
51,3/17/2011
52,4/14/2011
53,5/23/2011
54,6/30/2011
55,7/22/2011
56,9/1/2011
57,10/6/2011
58,11/8/2011
59,12/12/2011
60,1/18/2012
61,2/23/2012
62,4/12/2012
63,6/4/2012
64,6/29/2012
65,8/2/2012
66,9/3/2012
67,10/22/2012
68,11/15/2012
69,12/19/2012
70,1/25/2013
71,2/28/2013
72,3/28/2013
73,5/9/2013
74,6/27/2013
75,8/13/2013
76,9/19/2013
77,10/18/2013
78,11/29/2013
79,1/2/2014
80,2/21/2014
81,3/14/2014
82,4/28/2014
83,6/10/2014
84,7/22/2014
85,8/29/2014
86,10/10/2014
87,11/7/2014
88,12/18/2014
89,2/16/2015
90,3/16/2015
91,4/30/2015
92,6/10/2015
93,7/17/2015
94,8/26/2015
95,9/24/2015
96,10/22/2015
97,11/27/2015
98,1/6/2016
